<?xml version="1.0" encoding="UTF-8" standalone="no" ?>
<SimscapeMultibodyImportXML version="2.0" xmlns="urn:mathworks:SimscapeMultibody:import" xmlns:xsi="http://www.w3.org/2001/XMLSchema-instance">
<Created by="" on="03/29/24||09:15:14" using="Simscape Multibody Link Version 7.4" from="SolidWorks 26.3.0"/>
<ModelUnits mass="kilogram" length="millimeter"/>
<DataUnits mass="kilogram" length="meter"/>
<RootAssembly name="MaxPID_V2" uid="MaxPID_V2" version="189">
<AssemblyFile name="MaxPID_V2.SLDASM" type="SolidWorks Assembly"/>
<InstanceTree>
<Instance name="MaxV2_BATI-1" uid="MaxV2_BATI-1" grounded="true" entityUid="MaxV2_BATI" rigid="true">
<Transform>
<Rotation>1 0 0 0 1 0 0 0 1</Rotation>
<Translation>-0.0010108471100543776 0.0098778188125668992 0.19515453584414844</Translation>
</Transform>
<Instance name="MaxV2_Chaise-1" uid="MaxV2_Chaise-1" grounded="true" entityUid="MaxV2_Chaise" rigid="true">
<Transform>
<Rotation>1 0 0 0 1 0 0 0 1</Rotation>
<Translation>-0.025203889106583069 -0.071199094827586087 -1.3655743202889425e-14</Translation>
</Transform>
<Instance name="MaxV2_ChaiseChapeBras-1" uid="MaxV2_ChaiseChapeBras-1" entityUid="MaxV2_ChaiseChapeBras*:*Défaut">
<Transform>
<Rotation>0 0 0.99999999999999989 0 1 0 -1 0 0</Rotation>
<Translation>0.031761486089341692 0.05602064655172443 -0.054499999999979537</Translation>
</Transform>
</Instance>
<Instance name="MaxV2_ChaiseChapeMoteur-3" uid="MaxV2_ChaiseChapeMoteur-3" entityUid="MaxV2_ChaiseChapeMoteur*:*Défaut">
<Transform>
<Rotation>1 0 0 0 1 0 0 0 1</Rotation>
<Translation>0.00076148608934168902 -0.012979353448275582 0.015000000000020469</Translation>
</Transform>
</Instance>
<Instance name="MaxV2_ChaiseBloc-1" uid="MaxV2_ChaiseBloc-1" grounded="true" entityUid="MaxV2_ChaiseBloc*:*Défaut">
<Transform>
<Rotation>1 0 0 0 1 0 0 0 1</Rotation>
<Translation>0.00076148608934168902 -0.012979353448275582 2.0455859228718509e-14</Translation>
</Transform>
</Instance>
<Instance name="MaxV2_ChaiseChapeBras-2" uid="MaxV2_ChaiseChapeBras-2" entityUid="MaxV2_ChaiseChapeBras*:*Défaut">
<Transform>
<Rotation>0 0 -0.99999999999999989 0 1 0 1 0 0</Rotation>
<Translation>-0.030238513910658307 0.056020646551724416 -0.054499999999979537</Translation>
</Transform>
</Instance>
<Instance name="Bague_INA_30_34_16-1" uid="Bague_INA_30_34_16-1" entityUid="Bague_INA_30_34_16*:*Défaut">
<Transform>
<Rotation>0 0 1 0 1 0 -1 0 0</Rotation>
<Translation>0.02976148608934169 0.05602064655172443 -0.054499999999979537</Translation>
</Transform>
</Instance>
<Instance name="Bague_INA_30_34_16-2" uid="Bague_INA_30_34_16-2" entityUid="Bague_INA_30_34_16*:*Défaut">
<Transform>
<Rotation>0 0 -1 0.92422459273630309 0.3818493186865925 0 0.38184931868659272 -0.92422459273630309 0</Rotation>
<Translation>-0.028238513910658306 0.056020646551724416 -0.054499999999979537</Translation>
</Transform>
</Instance>
<Instance name="socket head cap screw_iso-1" uid="socket head cap screw_iso-1" entityUid="socket head cap screw_iso*:*ISO 4762 M5 x 30 --- 22N">
<Transform>
<Rotation>0 0 1 0 1 0 -1 0 0</Rotation>
<Translation>-0.019238513910658311 0.011020646551724411 0.030000000000020455</Translation>
</Transform>
</Instance>
<Instance name="Goupille_d4-8-2" uid="Goupille_d4-8-2" entityUid="Goupille_d4-8*:*Défaut">
<Transform>
<Rotation>1 0 0 0 1 0 0 0 1</Rotation>
<Translation>0.020761486089341689 -0.0049793534482755752 -0.0039999999999795477</Translation>
</Transform>
</Instance>
<Instance name="socket head cap screw_iso-2" uid="socket head cap screw_iso-2" entityUid="socket head cap screw_iso*:*ISO 4762 M5 x 30 --- 22N">
<Transform>
<Rotation>0 0 1 0 1 0 -1 0 0</Rotation>
<Translation>0.020761486089341689 0.011020646551724418 0.030000000000020455</Translation>
</Transform>
</Instance>
<Instance name="socket head cap screw_iso-5" uid="socket head cap screw_iso-5" entityUid="socket head cap screw_iso*:*ISO 4762 M5 x 16 --- 16N">
<Transform>
<Rotation>1 0 0 0 1 0 0 0 1</Rotation>
<Translation>-0.046238513910658308 0.011020646551724418 -0.074499999999979527</Translation>
</Transform>
</Instance>
<Instance name="socket head cap screw_iso-6" uid="socket head cap screw_iso-6" entityUid="socket head cap screw_iso*:*ISO 4762 M5 x 16 --- 16N">
<Transform>
<Rotation>1 0 0 0 1 0 0 0 1</Rotation>
<Translation>-0.046238513910658308 0.011020646551724418 -0.034499999999979547</Translation>
</Transform>
</Instance>
<Instance name="Goupille_d4-8-3" uid="Goupille_d4-8-3" entityUid="Goupille_d4-8*:*Défaut">
<Transform>
<Rotation>0 0 1 0 1 0 -1 0 0</Rotation>
<Translation>0.027761486089341696 -0.0049793534482755752 -0.034499999999979547</Translation>
</Transform>
</Instance>
<Instance name="Goupille_d4-8-4" uid="Goupille_d4-8-4" entityUid="Goupille_d4-8*:*Défaut">
<Transform>
<Rotation>0 0 1 0 1 0 -1 0 0</Rotation>
<Translation>0.027761486089341696 -0.0049793534482755752 -0.074499999999979527</Translation>
</Transform>
</Instance>
<Instance name="Goupille_d4-8-1" uid="Goupille_d4-8-1" entityUid="Goupille_d4-8*:*Défaut">
<Transform>
<Rotation>1 0 0 0 1 0 0 0 1</Rotation>
<Translation>-0.019238513910658304 -0.0049793534482755752 -0.0039999999999795477</Translation>
</Transform>
</Instance>
<Instance name="socket head cap screw_iso-4" uid="socket head cap screw_iso-4" entityUid="socket head cap screw_iso*:*ISO 4762 M5 x 16 --- 16N">
<Transform>
<Rotation>-1 0 0 0 0.3818493186865925 -0.92422459273630309 0 -0.92422459273630309 -0.38184931868659272</Rotation>
<Translation>0.047761486089341686 0.011020646551724432 -0.034499999999979547</Translation>
</Transform>
</Instance>
<Instance name="Goupille_d4-8-5" uid="Goupille_d4-8-5" entityUid="Goupille_d4-8*:*Défaut">
<Transform>
<Rotation>0 0 -1 0 1 0 1 0 0</Rotation>
<Translation>-0.026238513910658311 -0.0049793534482755891 -0.074499999999979527</Translation>
</Transform>
</Instance>
<Instance name="Goupille_d4-8-6" uid="Goupille_d4-8-6" entityUid="Goupille_d4-8*:*Défaut">
<Transform>
<Rotation>0 0 -1 0 1 0 1 0 0</Rotation>
<Translation>-0.026238513910658311 -0.0049793534482755752 -0.034499999999979547</Translation>
</Transform>
</Instance>
<Instance name="socket head cap screw_iso-3" uid="socket head cap screw_iso-3" entityUid="socket head cap screw_iso*:*ISO 4762 M5 x 16 --- 16N">
<Transform>
<Rotation>-1 0 0 0 0.3818493186865925 -0.92422459273630309 0 -0.92422459273630309 -0.38184931868659272</Rotation>
<Translation>0.047761486089341686 0.011020646551724432 -0.074499999999979527</Translation>
</Transform>
</Instance>
</Instance>
<Instance name="socket head cap screw_iso-3" uid="socket head cap screw_iso-3" entityUid="socket head cap screw_iso*:*ISO 4762 M4 x 10 --- 10N">
<Transform>
<Rotation>-1 0 0 0 0.3818493186865925 -0.92422459273630309 0 -0.92422459273630309 -0.38184931868659272</Rotation>
<Translation>0.015557596982758631 0.054821551724148335 0.015000000000006813</Translation>
</Transform>
</Instance>
<Instance name="plain washer small grade a_iso-1" uid="plain washer small grade a_iso-1" entityUid="plain washer small grade a_iso*:*Washer ISO 7092 - 4">
<Transform>
<Rotation>-1 0 0 0 0.3818493186865925 -0.92422459273630309 0 -0.92422459273630309 -0.38184931868659272</Rotation>
<Translation>0.043557596982758615 -0.015178448275861484 -0.038749999999993179</Translation>
</Transform>
</Instance>
<Instance name="plain washer small grade a_iso-2" uid="plain washer small grade a_iso-2" entityUid="plain washer small grade a_iso*:*Washer ISO 7092 - 4">
<Transform>
<Rotation>-1 0 0 0 0.3818493186865925 -0.92422459273630309 0 -0.92422459273630309 -0.38184931868659272</Rotation>
<Translation>0.043557596982758615 -0.015178448275861824 -0.070249999999993179</Translation>
</Transform>
</Instance>
<Instance name="PMR411-1" uid="PMR411-1" entityUid="PMR411" rigid="true">
<Transform>
<Rotation>0 0 -0.99999999999999989 0.99973232522317546 0.02313607364838105 0 0.02313607364838105 -0.99973232522317546 0</Rotation>
<Translation>0.033257596982758611 -0.0011746588115130081 -0.035016586949144279</Translation>
</Transform>
<Instance name="PMR411_Languette-1" uid="PMR411_Languette-1" entityUid="PMR411_Languette*:*Défaut">
<Transform>
<Rotation>0.82464409210727785 0 0.56565194364782612 0.56565194364782623 0 -0.82464409210727774 0 0.99999999999999978 0</Rotation>
<Translation>-0.015770241229767012 0.018249162018368653 0.0071999999999999981</Translation>
</Transform>
</Instance>
<Instance name="PMR411_Corps-1" uid="PMR411_Corps-1" grounded="true" entityUid="PMR411_Corps*:*Défaut">
<Transform>
<Rotation>1 0 0 0 1 0 0 0 1</Rotation>
<Translation>-0.01445081068239535 0.019154205128205148 -0.010299999999999997</Translation>
</Transform>
</Instance>
<Instance name="PMR411_Rivet-1" uid="PMR411_Rivet-1" entityUid="PMR411_Rivet*:*Défaut">
<Transform>
<Rotation>1 0 0 0 0 -1 0 1 0</Rotation>
<Translation>-0.014450810682395362 0.019154205128205148 -0.001799999999999996</Translation>
</Transform>
</Instance>
<Instance name="PMR411_RondelleFriction-1" uid="PMR411_RondelleFriction-1" entityUid="PMR411_RondelleFriction*:*Défaut">
<Transform>
<Rotation>0.9999556908583741 -0.0094136241667002098 0 0.0094136241667002098 0.9999556908583741 0 0 0 0.99999999999999978</Rotation>
<Translation>-0.014450810682395353 0.019154205128205148 0.0066999999999999976</Translation>
</Transform>
</Instance>
</Instance>
<Instance name="socket head cap screw_iso-2" uid="socket head cap screw_iso-2" entityUid="socket head cap screw_iso*:*ISO 4762 M4 x 20 --- 20N">
<Transform>
<Rotation>-1 0 0 0 -0.3818493186865925 0.92422459273630309 0 0.92422459273630309 0.38184931868659272</Rotation>
<Translation>0.048057596982758619 -0.015178448275861484 -0.038749999999993179</Translation>
</Transform>
</Instance>
<Instance name="Max_AxeArticulation-2" uid="Max_AxeArticulation-2" entityUid="Max_AxeArticulation*:*Défaut">
<Transform>
<Rotation>0 0 1 1 -3.3306690738754706e-16 0 -2.2204460492503128e-16 1.0000000000000002 0</Rotation>
<Translation>-0.060442403017241374 0.065821551724148331 0.015000000000006813</Translation>
</Transform>
</Instance>
<Instance name="Max_AxeArticulation-1" uid="Max_AxeArticulation-1" entityUid="Max_AxeArticulation*:*Défaut">
<Transform>
<Rotation>0 0 -1 1 0 0 0 -1 0</Rotation>
<Translation>0.011557596982758624 0.065821551724148331 0.015000000000006813</Translation>
</Transform>
</Instance>
<Instance name="socket countersunk head screw_iso-1" uid="socket countersunk head screw_iso-1" entityUid="socket countersunk head screw_iso*:*ISO 10642 - M4 x 8 --- 8N">
<Transform>
<Rotation>-1 0 0 0 0.93118630975991223 -0.36454362772611565 0 -0.36454362772611565 -0.93118630975991223</Rotation>
<Translation>0.02678759698275859 -0.003276737221577182 -0.037502595080996792</Translation>
</Transform>
</Instance>
<Instance name="socket head cap screw_iso-1" uid="socket head cap screw_iso-1" entityUid="socket head cap screw_iso*:*ISO 4762 M4 x 20 --- 20N">
<Transform>
<Rotation>-1 0 0 0 -0.3818493186865925 0.92422459273630309 0 0.92422459273630309 0.38184931868659272</Rotation>
<Translation>0.048057596982758619 -0.015178448275861824 -0.070249999999993179</Translation>
</Transform>
</Instance>
<Instance name="socket head cap screw_iso-5" uid="socket head cap screw_iso-5" entityUid="socket head cap screw_iso*:*ISO 4762 M4 x 10 --- 10N">
<Transform>
<Rotation>1 0 0 0 1 0 0 0 1</Rotation>
<Translation>-0.064442403017241384 0.054821551724148335 0.015000000000006813</Translation>
</Transform>
</Instance>
<Instance name="Max_RondellePotar-1" uid="Max_RondellePotar-1" entityUid="Max_RondellePotar*:*Défaut">
<Transform>
<Rotation>0 0 1 0.81915204428898292 0.57357643635105882 0 -0.57357643635105882 0.81915204428898292 0</Rotation>
<Translation>0.022557596982758613 -0.015178448275861654 -0.054499999999993165</Translation>
</Transform>
</Instance>
<Instance name="socket countersunk head screw_iso-2" uid="socket countersunk head screw_iso-2" entityUid="socket countersunk head screw_iso*:*ISO 10642 - M4 x 8 --- 8N">
<Transform>
<Rotation>-1 0 0 0 0.93118630975991223 -0.36454362772611565 0 -0.36454362772611565 -0.93118630975991223</Rotation>
<Translation>0.02678759698275859 -0.027080159330146125 -0.071497404918989579</Translation>
</Transform>
</Instance>
</Instance>
<Instance name="MaxV2_BRAS-1" uid="MaxV2_BRAS-1" entityUid="MaxV2_BRAS" rigid="true">
<Transform>
<Rotation>1 0 1.1380058894984727e-16 0 0.9999996008532136 0.0008934726710613794 -1.1382788418394827e-16 -0.0008934726710613794 0.9999996008532136</Rotation>
<Translation>-0.00051084711005435737 0.0099265070147107788 0.19514095256192507</Translation>
</Transform>
<Instance name="Max_EnsembleBras-1" uid="Max_EnsembleBras-1" entityUid="Max_EnsembleBras" rigid="true">
<Transform>
<Rotation>1 0 -1.1382788418394827e-16 0 0.9999996008532136 -0.0008934726710613794 1.1380058894984727e-16 0.0008934726710613794 0.9999996008532136</Rotation>
<Translation>-0.029282998138714728 -0.010888581257740721 -0.054496167119492789</Translation>
</Transform>
<Instance name="Max_EnsembleAxePoids-1" uid="Max_EnsembleAxePoids-1" entityUid="Max_EnsembleAxePoids" rigid="true">
<Transform>
<Rotation>0.45844409352655674 0 -0.88872324888607124 0.88872324888607124 0 0.45844409352655674 0 -1 0</Rotation>
<Translation>0.012053855879361756 0.0099153863685514515 -0.2519066053965523</Translation>
</Transform>
<Instance name="Max_EcrouSerragePoids-1" uid="Max_EcrouSerragePoids-1" entityUid="Max_EcrouSerragePoids*:*Défaut">
<Transform>
<Rotation>0.89365995856997049 0.44874478097100934 0 0 0 1 0.44874478097100934 -0.89365995856997049 0</Rotation>
<Translation>-0.015931417252323679 -0.013906605396524996 -0.00010172276134306005</Translation>
</Transform>
</Instance>
<Instance name="Max_AxeRessort-1" uid="Max_AxeRessort-1" entityUid="Max_AxeRessort*:*Défaut">
<Transform>
<Rotation>0.52527141109939357 0 0.85093474760503962 0 1 0 -0.85093474760503962 0 0.52527141109939357</Rotation>
<Translation>-0.015931417252323679 0.044093394603475 -0.00010172276134306005</Translation>
</Transform>
</Instance>
<Instance name="Max_Poids-4" uid="Max_Poids-4" entityUid="Max_Poids*:*Défaut">
<Transform>
<Rotation>1 0 0 0 0 1 0 -1 0</Rotation>
<Translation>-0.015931417252323672 -0.0079066053965250044 -0.00010172276134306005</Translation>
</Transform>
</Instance>
<Instance name="Max_EcrouSerragePoids-2" uid="Max_EcrouSerragePoids-2" entityUid="Max_EcrouSerragePoids*:*Défaut">
<Transform>
<Rotation>-0.93302506738039614 0.35981137230472243 0 0 0 -1 -0.35981137230472243 -0.93302506738039614 0</Rotation>
<Translation>-0.015931417252323672 0.034093394603474991 -0.00010172276134306005</Translation>
</Transform>
</Instance>
<Instance name="Max_AxePoids-1" uid="Max_AxePoids-1" grounded="true" entityUid="Max_AxePoids*:*Défaut">
<Transform>
<Rotation>1 0 0 0 1 0 0 0 1</Rotation>
<Translation>-0.015931417252323679 -0.061906605396524997 -0.00010172276134306005</Translation>
</Transform>
</Instance>
<Instance name="Max_Poids-2" uid="Max_Poids-2" entityUid="Max_Poids*:*Défaut">
<Transform>
<Rotation>1 0 0 0 0 1 0 -1 0</Rotation>
<Translation>-0.015931417252323672 0.0040933946034749924 -0.00010172276134306005</Translation>
</Transform>
</Instance>
<Instance name="Max_Poids-1" uid="Max_Poids-1" entityUid="Max_Poids*:*Défaut">
<Transform>
<Rotation>1 0 0 0 0 1 0 -1 0</Rotation>
<Translation>-0.015931417252323672 0.016093394603475003 -0.00010172276134306005</Translation>
</Transform>
</Instance>
</Instance>
<Instance name="socket button head screw_iso-2" uid="socket button head screw_iso-2" entityUid="socket button head screw_iso*:*ISO 7380 - M3 x 10 --- 10N">
<Transform>
<Rotation>0 0.24051011213122536 0.97064663290129705 -1 0 0 0 -0.97064663290129705 0.24051011213122536</Rotation>
<Translation>0.029840595121473357 0.020360131269591818 -0.19400000000002729</Translation>
</Transform>
</Instance>
<Instance name="Max_EquerreRepérage2012-1" uid="Max_EquerreRepérage2012-1" entityUid="Max_EquerreRepérage2012*:*Défaut">
<Transform>
<Rotation>1 0 0 0 0 1.0000000000000004 0 -1 0</Rotation>
<Translation>-0.07313007691290313 0.015710131269591813 -0.18400000000002731</Translation>
</Transform>
</Instance>
<Instance name="MaxV2_Bras-1" uid="MaxV2_Bras-1" grounded="true" entityUid="MaxV2_Bras*:*Défaut">
<Transform>
<Rotation>1 0 0 0 1 0 0 0 1</Rotation>
<Translation>0.0048405951214733553 -0.0042898687304081884 -2.7283730830163222e-14</Translation>
</Transform>
</Instance>
<Instance name="socket button head screw_iso-1" uid="socket button head screw_iso-1" entityUid="socket button head screw_iso*:*ISO 7380 - M3 x 10 --- 10N">
<Transform>
<Rotation>0 0.24051011213122536 0.97064663290129705 -1 0 0 0 -0.97064663290129705 0.24051011213122536</Rotation>
<Translation>-0.020159404878526643 0.020360131269591818 -0.19400000000002729</Translation>
</Transform>
</Instance>
</Instance>
<Instance name="Max_AxeBras-1" uid="Max_AxeBras-1" entityUid="Max_AxeBras*:*Défaut">
<Transform>
<Rotation>0 0 1 -0.00089347267106139946 -0.9999996008532136 0 0.9999996008532136 -0.00089347267106139946 0</Rotation>
<Translation>-0.073442403017241364 -0.015178448275861553 -0.054499999999993304</Translation>
</Transform>
</Instance>
<Instance name="Max_AxeArticulation-3" uid="Max_AxeArticulation-3" entityUid="Max_AxeArticulation*:*Défaut">
<Transform>
<Rotation>-2.5990028304945458e-16 -2.5393024839147058e-16 -1 -0.00089347267105473378 0.9999996008532136 -2.5369793323592394e-16 0.9999996008532136 0.00089347267105473378 -2.6012705904838357e-16</Rotation>
<Translation>0.0070575969827586255 -0.015105183516835551 -0.13649996726995653</Translation>
</Transform>
</Instance>
<Instance name="socket head cap screw_iso-4" uid="socket head cap screw_iso-4" entityUid="socket head cap screw_iso*:*ISO 4762 M4 x 10 --- 10N">
<Transform>
<Rotation>-1 0 0 0 0.38184931868659255 -0.9242245927363032 0 -0.9242245927363032 -0.38184931868659255</Rotation>
<Translation>0.011057596982758633 -0.015095355317453185 -0.14749996287934208</Translation>
</Transform>
</Instance>
<Instance name="Max_AxeArticulation-4" uid="Max_AxeArticulation-4" entityUid="Max_AxeArticulation*:*Défaut">
<Transform>
<Rotation>-3.4031935609749706e-16 -1.2717763197659206e-16 1 -0.00089347267105282591 -0.99999960085321338 -1.2748164725815233e-16 0.99999960085321338 -0.00089347267105282591 3.4020559052157936e-16</Rotation>
<Translation>-0.055942403017241391 -0.015105183516836033 -0.1364999672699565</Translation>
</Transform>
</Instance>
<Instance name="socket head cap screw_iso-6" uid="socket head cap screw_iso-6" entityUid="socket head cap screw_iso*:*ISO 4762 M4 x 10 --- 10N">
<Transform>
<Rotation>1 0 0 0 1 0 0 0 1</Rotation>
<Translation>-0.059942403017241373 -0.015095355317453187 -0.14749996287934217</Translation>
</Transform>
</Instance>
<Instance name="socket set screw flat point_iso-1" uid="socket set screw flat point_iso-1" entityUid="socket set screw flat point_iso*:*ISO 4026 - M6 x 8-C">
<Transform>
<Rotation>0 0.471162676158074 0.88204633245400543 -0.99999960085321338 0.00078808429265757372 -0.00042097097477138205 -0.00089347267106137929 -0.88204598038804616 0.47116248809500583</Rotation>
<Translation>-0.0094424030172413961 0.0058215433420559393 -0.054481237073900818</Translation>
</Transform>
</Instance>
<Instance name="socket set screw flat point_iso-2" uid="socket set screw flat point_iso-2" entityUid="socket set screw flat point_iso*:*ISO 4026 - M6 x 8-C">
<Transform>
<Rotation>0 -0.10206152462484142 0.99477808841532733 -0.9999996008532136 0.00088880703576977389 9.1189183019150301e-05 -0.00089347267106137745 -0.99477769135285021 -0.10206148388731184</Rotation>
<Translation>-0.039442403017241397 0.0058215433420559376 -0.054481237073900818</Translation>
</Transform>
</Instance>
</Instance>
<Instance name="MaxV2_STATOR-1" uid="MaxV2_STATOR-1" entityUid="MaxV2_STATOR" rigid="true">
<Transform>
<Rotation>1 0 0 0 -0.8818690776196324 -0.4714943583313575 0 0.4714943583313575 -0.8818690776196324</Rotation>
<Translation>-0.039582080470541882 0.094577045088356224 0.19779361138704929</Translation>
</Transform>
<Instance name="socket head cap screw_iso-1" uid="socket head cap screw_iso-1" entityUid="socket head cap screw_iso*:*ISO 4762 M4 x 8 --- 8N">
<Transform>
<Rotation>0 2.2204460492503131e-16 -1 0 1 -1.6653345369377343e-16 0.99999999999999978 0 0</Rotation>
<Translation>0.029581626138756499 0.037678539385254242 -0.037000000000000005</Translation>
</Transform>
</Instance>
<Instance name="socket head cap screw_iso-2" uid="socket head cap screw_iso-2" entityUid="socket head cap screw_iso*:*ISO 4762 M4 x 8 --- 8N">
<Transform>
<Rotation>0 2.2204460492503131e-16 -1 0 1 -1.6653345369377343e-16 0.99999999999999978 0 0</Rotation>
<Translation>-0.00082396545226508938 0.037678539385254367 -0.037000000000000005</Translation>
</Transform>
</Instance>
<Instance name="Max_SupportVisBilles-1" uid="Max_SupportVisBilles-1" grounded="true" entityUid="Max_SupportVisBilles*:*Défaut">
<Transform>
<Rotation>1 0 0 0 1 0 0 0 1</Rotation>
<Translation>0.014378830343245663 0.022475743589743566 -0.029999999999999999</Translation>
</Transform>
<VisualProperties>
<Ambient r="0.25098039215686274" g="0.25098039215686274" b="0.25098039215686274" a="0.25"/>
<Diffuse r="0.25098039215686274" g="0.25098039215686274" b="0.25098039215686274" a="0.25"/>
<Specular r="0.12549019607843137" g="0.12549019607843137" b="0.12549019607843137" a="0.25"/>
<Emissive r="0.025098039215686277" g="0.025098039215686277" b="0.025098039215686277" a="0.25"/>
<Shininess>0.30000001192092896</Shininess>
</VisualProperties>
</Instance>
<Instance name="Bague_INA_12_14_7-2" uid="Bague_INA_12_14_7-2" entityUid="Bague_INA_12_14_7*:*Défaut">
<Transform>
<Rotation>0 0 1 -0.90572729332926216 -0.42386090892939005 0 0.42386090892939005 -0.90572729332926216 0</Rotation>
<Translation>-0.0096211696567543373 0.02247574358974358 -0.0020000000000000018</Translation>
</Transform>
</Instance>
<Instance name="Max_EcrouSupportVisBilles-1" uid="Max_EcrouSupportVisBilles-1" entityUid="Max_EcrouSupportVisBilles*:*Défaut">
<Transform>
<Rotation>-0.76069273261148163 0.6491121371165981 0 0.64911213711659799 0.7606927326114814 0 0 0 -0.99999999999999978</Rotation>
<Translation>0.014378830343245663 0.022475743589743573 0.035500000000000032</Translation>
</Transform>
</Instance>
<Instance name="socket head cap screw_iso-3" uid="socket head cap screw_iso-3" entityUid="socket head cap screw_iso*:*ISO 4762 M4 x 8 --- 8N">
<Transform>
<Rotation>0 0.11331088746445842 -0.99355958189834637 0 0.99355958189834637 0.11331088746445842 1 0 0</Rotation>
<Translation>-0.0008239654522652004 0.0072729477942329035 -0.03699999999999995</Translation>
</Transform>
</Instance>
<Instance name="Max_MoteurEquipé-1" uid="Max_MoteurEquipé-1" entityUid="Max_MoteurEquipé" rigid="true">
<Transform>
<Rotation>0 0.96592582628906798 -0.25881904510252168 0 -0.25881904510252168 -0.96592582628906798 -1 0 0</Rotation>
<Translation>-0.02100971014866676 0.031942902760002334 -0.092475964528556359</Translation>
</Transform>
<Instance name="RE35_2822-1" uid="RE35_2822-1" grounded="true" entityUid="RE35_2822" rigid="true">
<Transform>
<Rotation>1 0 0 0 1 0 0 0 1</Rotation>
<Translation>-0.0079580772764641927 0.02895304819690598 -0.010553851946106946</Translation>
</Transform>
<Instance name="RE35_273752-1" uid="RE35_273752-1" grounded="true" entityUid="RE35_273752*:*Défaut">
<Transform>
<Rotation>1 0 0 0 1 0 0 0 1</Rotation>
<Translation>-0.051517887252092165 0.0076799381151886337 0.010539197232560596</Translation>
</Transform>
<VisualProperties>
<Ambient r="0.792156862745098" g="0.81960784313725488" b="0.93333333333333335" a="0.25"/>
<Diffuse r="0.792156862745098" g="0.81960784313725488" b="0.93333333333333335" a="0.25"/>
<Specular r="0.396078431372549" g="0.40980392156862744" b="0.46666666666666667" a="0.25"/>
<Emissive r="0" g="0" b="0" a="0.25"/>
<Shininess>0.40000000596046448</Shininess>
</VisualProperties>
</Instance>
<Instance name="Tachy_2822-2" uid="Tachy_2822-2" entityUid="Tachy_2822*:*Défaut">
<Transform>
<Rotation>0.99999999999999989 7.4940054162198066e-16 0 -5.6898930012039273e-16 0.70710678118529147 0.70710678118780379 4.4408920985006262e-16 -0.70710678118780357 0.70710678118529124</Rotation>
<Translation>0.019482112747907843 0.0076799381151886267 0.010539197232560582</Translation>
</Transform>
</Instance>
</Instance>
<Instance name="slotted cheese head screw_iso-1" uid="slotted cheese head screw_iso-1" entityUid="slotted cheese head screw_iso*:*ISO 1207 - M2.5 x 10 --- 10N">
<Transform>
<Rotation>1 0 0 0 1 0 0 0 1</Rotation>
<Translation>-0.067275964528556387 0.046132986312094608 -1.465471354634984e-05</Translation>
</Transform>
</Instance>
<Instance name="Max_BrideMoteur-1" uid="Max_BrideMoteur-1" entityUid="Max_BrideMoteur*:*Défaut">
<Transform>
<Rotation>0 0 -1 0.86602540378443638 0.50000000000000389 0 0.50000000000000389 -0.86602540378443649 0</Rotation>
<Translation>-0.059475964528556413 0.036632986312094606 -1.4654713546363718e-05</Translation>
</Transform>
</Instance>
<Instance name="slotted cheese head screw_iso-3" uid="slotted cheese head screw_iso-3" entityUid="slotted cheese head screw_iso*:*ISO 1207 - M2.5 x 10 --- 10N">
<Transform>
<Rotation>1 0 0 0 0.51688385640902323 -0.85605553498808495 0 0.85605553498808495 0.51688385640902323</Rotation>
<Translation>-0.067275964528556359 0.031882986312094581 -0.0082418960494984872</Translation>
</Transform>
</Instance>
<Instance name="slotted cheese head screw_iso-2" uid="slotted cheese head screw_iso-2" entityUid="slotted cheese head screw_iso*:*ISO 1207 - M2.5 x 10 --- 10N">
<Transform>
<Rotation>1 0 0 0 0.27155854483170289 -0.9624219224066376 0 0.9624219224066376 0.27155854483170289</Rotation>
<Translation>-0.067275964528556359 0.031882986312094574 0.0082125866224058014</Translation>
</Transform>
</Instance>
</Instance>
<Instance name="Bague_INA_12_14_7-1" uid="Bague_INA_12_14_7-1" entityUid="Bague_INA_12_14_7*:*Défaut">
<Transform>
<Rotation>0 0 -1 0.99874029094238703 -0.050177995658615193 0 -0.050177995658615193 -0.99874029094238703 0</Rotation>
<Translation>0.038378830343245664 0.022475743589743594 -0.0020000000000000018</Translation>
</Transform>
</Instance>
<Instance name="socket head cap screw_iso-4" uid="socket head cap screw_iso-4" entityUid="socket head cap screw_iso*:*ISO 4762 M4 x 8 --- 8N">
<Transform>
<Rotation>0 -2.2204460492503136e-16 1 0 -1 -2.2204460492503136e-16 1 0 0</Rotation>
<Translation>0.029581626138756492 0.0072729477942328896 -0.037000000000000005</Translation>
</Transform>
</Instance>
</Instance>
<Instance name="MaxV2_VIS-1" uid="MaxV2_VIS-1" entityUid="MaxV2_VIS" rigid="true">
<Transform>
<Rotation>0.65353377260972823 0.75689735635586397 4.7184478546569153e-16 0.66748437350228629 -0.57633122524462144 -0.471494358331353 -0.35687283335770503 0.30813748676449249 -0.88186907761963507</Rotation>
<Translation>-0.051612132272442143 0.078112210098056828 0.2065965924709729</Translation>
</Transform>
<Instance name="socket countersunk head screw_iso-1" uid="socket countersunk head screw_iso-1" entityUid="socket countersunk head screw_iso*:*ISO 10642 - M6 x 20 --- 20N">
<Transform>
<Rotation>2.2204460492503126e-16 -0.99998097374767037 0.0061686418814016764 -1.1102230246251563e-16 0.0061686418814016764 0.99998097374767037 -1 -2.2272523707308947e-16 -1.0965047647469493e-16</Rotation>
<Translation>0.01437883034324644 0.0224757435897424 0.21232355339059339</Translation>
</Transform>
</Instance>
<Instance name="Max_RondelleVisBilles-1" uid="Max_RondelleVisBilles-1" entityUid="Max_RondelleVisBilles*:*Défaut">
<Transform>
<Rotation>-0.77517474309663281 0.63174687784354666 2.5861080248878603e-16 -0.63174687784354666 -0.77517474309663292 0 1.5265566588595902e-16 -2.2204460492503128e-16 0.99999999999999978</Rotation>
<Translation>0.01437883034324644 0.022475743589742393 0.20150000000000012</Translation>
</Transform>
</Instance>
<Instance name="Max_VisBillesRotor-1" uid="Max_VisBillesRotor-1" entityUid="Max_VisBillesRotor" rigid="true">
<Transform>
<Rotation>0.058160605698035384 0.9983072392529454 0 0.9983072392529454 -0.058160605698035675 0 1.1102230246251565e-16 -2.7755575615628914e-16 -1</Rotation>
<Translation>-0.02168834743009676 0.075386320946221552 0.10059163796009914</Translation>
</Transform>
<Instance name="Oldham_235_19_20_22-1" uid="Oldham_235_19_20_22-1" entityUid="Oldham_235_19_20_22" rigid="true">
<Transform>
<Rotation>-0.92223193921267943 -0.38663710413774388 0 -0.38663710413774383 0.92223193921267943 3.3306690738754696e-16 0 2.7755575615628914e-16 -0.99999999999999989</Rotation>
<Translation>-0.090326435235180941 0.0057926486221493295 0.10859163796009905</Translation>
</Transform>
<Instance name="Oldham_MoyeuD6-1" uid="Oldham_MoyeuD6-1" entityUid="Oldham_MoyeuD6*:*Défaut">
<Transform>
<Rotation>1 0 0 0 1 0 0 0 1</Rotation>
<Translation>-0.049394708118292788 0.015389794871794857 0</Translation>
</Transform>
</Instance>
<Instance name="Oldham_Disque-1" uid="Oldham_Disque-1" grounded="true" entityUid="Oldham_Disque*:*Défaut">
<Transform>
<Rotation>1 0 0 0 1 0 0 0 1</Rotation>
<Translation>-0.049394708118292788 0.015389794871794857 0</Translation>
</Transform>
</Instance>
<Instance name="Oldham_MoyeuD5-1" uid="Oldham_MoyeuD5-1" entityUid="Oldham_MoyeuD5*:*Défaut">
<Transform>
<Rotation>0 1 0 1 0 0 0 0 -1</Rotation>
<Translation>-0.049394708118292788 0.015389794871794857 0</Translation>
</Transform>
</Instance>
</Instance>
<Instance name="Max_VisBilles12x4-1" uid="Max_VisBilles12x4-1" grounded="true" entityUid="Max_VisBilles12x4*:*Défaut">
<Transform>
<Rotation>1 0 0 0 1 0 0 0 1</Rotation>
<Translation>-0.05072332350290816 0.039083435897435882 -0.10090836203990089</Translation>
</Transform>
</Instance>
<Instance name="torque nut 08_iso-1" uid="torque nut 08_iso-1" entityUid="torque nut 08_iso*:*ISO 10511-M6-N">
<Transform>
<Rotation>1 0 0 0 1 0 0 0 1</Rotation>
<Translation>-0.050723323502908174 0.039083435897435889 0.088991637960099068</Translation>
</Transform>
</Instance>
<Instance name="Max_BagueVisBilles-1" uid="Max_BagueVisBilles-1" entityUid="Max_BagueVisBilles*:*Défaut">
<Transform>
<Rotation>0.4165458965898467 -0.90911468805325157 0 0.90911468805325157 0.41654589658984664 0 0 0 0.99999999999999978</Rotation>
<Translation>-0.050723323502908174 0.039083435897435889 0.066091637960099064</Translation>
</Transform>
</Instance>
<Instance name="3200_a-2rs1-2_1-1" uid="3200_a-2rs1-2_1-1" entityUid="3200_a-2rs1-2_1" rigid="true">
<Transform>
<Rotation>0 -0.76016933837575229 -0.64972500105303843 0 0.64972500105303843 -0.76016933837575251 0.99999999999999978 0 0</Rotation>
<Translation>-0.050723323502908167 0.039083435897435889 0.076091637960099073</Translation>
</Transform>
<Instance name="3200_a-2rs1-2_1_01-1" uid="3200_a-2rs1-2_1_01-1" grounded="true" entityUid="3200_a-2rs1-2_1_01*:*Default">
<Transform>
<Rotation>1 0 0 0 1 0 0 0 1</Rotation>
<Translation>0 0 0</Translation>
</Transform>
</Instance>
<Instance name="3200_a-2rs1-2_1_03-1" uid="3200_a-2rs1-2_1_03-1" grounded="true" entityUid="3200_a-2rs1-2_1_03*:*Default">
<Transform>
<Rotation>1 0 0 0 1 0 0 0 1</Rotation>
<Translation>0 0 0</Translation>
</Transform>
</Instance>
<Instance name="3200_a-2rs1-2_1_05-1" uid="3200_a-2rs1-2_1_05-1" grounded="true" entityUid="3200_a-2rs1-2_1_05*:*Default">
<Transform>
<Rotation>1 0 0 0 1 0 0 0 1</Rotation>
<Translation>0 0 0</Translation>
</Transform>
</Instance>
<Instance name="3200_a-2rs1-2_1_06-1" uid="3200_a-2rs1-2_1_06-1" grounded="true" entityUid="3200_a-2rs1-2_1_06*:*Default">
<Transform>
<Rotation>1 0 0 0 1 0 0 0 1</Rotation>
<Translation>0 0 0</Translation>
</Transform>
</Instance>
<Instance name="3200_a-2rs1-2_1_02-1" uid="3200_a-2rs1-2_1_02-1" grounded="true" entityUid="3200_a-2rs1-2_1_02*:*Default">
<Transform>
<Rotation>1 0 0 0 1 0 0 0 1</Rotation>
<Translation>0 0 0</Translation>
</Transform>
</Instance>
<Instance name="3200_a-2rs1-2_1_04-1" uid="3200_a-2rs1-2_1_04-1" grounded="true" entityUid="3200_a-2rs1-2_1_04*:*Default">
<Transform>
<Rotation>1 0 0 0 1 0 0 0 1</Rotation>
<Translation>0 0 0</Translation>
</Transform>
</Instance>
</Instance>
<Instance name="Max_RondelleD6.5-1" uid="Max_RondelleD6.5-1" entityUid="Max_RondelleD6.5*:*Défaut">
<Transform>
<Rotation>0.38019756841882513 -0.92490529729719506 0 0.92490529729719495 0.38019756841882524 0 0 1.1102230246251565e-16 1</Rotation>
<Translation>-0.05072332350290816 0.039083435897435889 0.08309163796009908</Translation>
</Transform>
</Instance>
</Instance>
</Instance>
<Instance name="MaxV2_ECROU-1" uid="MaxV2_ECROU-1" entityUid="MaxV2_ECROU" rigid="true">
<Transform>
<Rotation>1 -3.4694470821701329e-16 0 3.0595980982034993e-16 0.88186907761963251 0.47149435833135739 -1.6358247257724098e-16 -0.47149435833135739 0.88186907761963251</Rotation>
<Translation>0.020720432219926487 -0.039962566633879502 0.077186660668034757</Translation>
</Transform>
<Instance name="Max_SupportEcrou-1" uid="Max_SupportEcrou-1" grounded="true" entityUid="Max_SupportEcrou*:*Défaut">
<Transform>
<Rotation>1 0 0 0 1 0 0 0 1</Rotation>
<Translation>-0.045923682347222661 0.039305082863484046 -0.017999999999999999</Translation>
</Transform>
</Instance>
<Instance name="Max_EcrouBilles-1" uid="Max_EcrouBilles-1" entityUid="Max_EcrouBilles*:*Défaut">
<Transform>
<Rotation>-0.94205647110847379 -0.33545432661190888 0 -0.33545432661190883 0.94205647110847368 0 0 0 -0.99999999999999989</Rotation>
<Translation>-0.045923682347222661 0.039305082863484046 0.016999999999999987</Translation>
</Transform>
</Instance>
<Instance name="Bague_INA_12_14_7-1" uid="Bague_INA_12_14_7-1" entityUid="Bague_INA_12_14_7*:*Défaut">
<Transform>
<Rotation>-2.5145002828724401e-16 2.3904707653210474e-16 -1 -0.72475536236590843 0.6890062878681591 3.4694469519536068e-16 0.6890062878681591 0.72475536236590843 0</Rotation>
<Translation>-0.024923682347222663 0.039305082863484039 0</Translation>
</Transform>
</Instance>
<Instance name="Bague_INA_12_14_7-2" uid="Bague_INA_12_14_7-2" entityUid="Bague_INA_12_14_7*:*Défaut">
<Transform>
<Rotation>3.3702612606840351e-16 0 1 0.97141167089650682 0.23740127557799007 -3.4694469519535984e-16 -0.23740127557799007 0.97141167089650682 0</Rotation>
<Translation>-0.066923682347222652 0.039305082863484046 0</Translation>
</Transform>
</Instance>
</Instance>
</InstanceTree>
<Constraints>
<Concentric name="Coaxiale1">
<ConstraintGeometry geomType="cylinder">
<InstancePath>
<Uid>MaxV2_BATI-1</Uid>
<Uid>MaxV2_Chaise-1</Uid>
<Uid>Bague_INA_30_34_16-2</Uid>
</InstancePath>
<Position>0 0 -1.0000000000010001e-06</Position>
<Axis>0 0 1</Axis>
</ConstraintGeometry>
<ConstraintGeometry geomType="cylinder">
<InstancePath>
<Uid>MaxV2_BRAS-1</Uid>
<Uid>Max_AxeBras-1</Uid>
</InstancePath>
<Position>0 0 0.095000000000000001</Position>
<Axis>0 0 -1</Axis>
</ConstraintGeometry>
</Concentric>
<Coincident name="Coïncidente1">
<ConstraintGeometry geomType="plane">
<InstancePath>
<Uid>MaxV2_BATI-1</Uid>
<Uid>MaxV2_Chaise-1</Uid>
<Uid>Bague_INA_30_34_16-1</Uid>
</InstancePath>
<Position>0 0 0</Position>
<Axis>0 0 -1</Axis>
</ConstraintGeometry>
<ConstraintGeometry geomType="plane">
<InstancePath>
<Uid>MaxV2_BRAS-1</Uid>
<Uid>Max_EnsembleBras-1</Uid>
<Uid>MaxV2_Bras-1</Uid>
</InstancePath>
<Position>0.028500000000000001 0.02 -0.20999999999999999</Position>
<Axis>1 0 0</Axis>
</ConstraintGeometry>
</Coincident>
<Concentric name="Coaxiale2">
<ConstraintGeometry geomType="cylinder">
<InstancePath>
<Uid>MaxV2_BATI-1</Uid>
<Uid>Max_AxeArticulation-1</Uid>
</InstancePath>
<Position>0 0 0.0029999999999999992</Position>
<Axis>0 0 1</Axis>
</ConstraintGeometry>
<ConstraintGeometry geomType="cylinder">
<InstancePath>
<Uid>MaxV2_STATOR-1</Uid>
<Uid>Bague_INA_12_14_7-1</Uid>
</InstancePath>
<Position>0 0 -1.0000000000001327e-06</Position>
<Axis>0 0 1</Axis>
</ConstraintGeometry>
</Concentric>
<Coincident name="Coïncidente2">
<ConstraintGeometry geomType="plane">
<InstancePath>
<Uid>MaxV2_BATI-1</Uid>
<Uid>MaxV2_Chaise-1</Uid>
<Uid>MaxV2_ChaiseChapeMoteur-3</Uid>
</InstancePath>
<Position>0.024250000000000001 0.16499999999999998 -0.014999999999999986</Position>
<Axis>-1 -1.1564823173178717e-16 0</Axis>
</ConstraintGeometry>
<ConstraintGeometry geomType="plane">
<InstancePath>
<Uid>MaxV2_STATOR-1</Uid>
<Uid>Bague_INA_12_14_7-1</Uid>
</InstancePath>
<Position>0 0 0</Position>
<Axis>0 0 -1</Axis>
</ConstraintGeometry>
</Coincident>
<Concentric name="Coaxiale3">
<ConstraintGeometry geomType="cylinder">
<InstancePath>
<Uid>MaxV2_STATOR-1</Uid>
<Uid>Max_SupportVisBilles-1</Uid>
</InstancePath>
<Position>0 0 0.047499999999999987</Position>
<Axis>0 0 1</Axis>
</ConstraintGeometry>
<ConstraintGeometry geomType="cylinder">
<InstancePath>
<Uid>MaxV2_VIS-1</Uid>
<Uid>Max_VisBillesRotor-1</Uid>
<Uid>3200_a-2rs1-2_1-1</Uid>
<Uid>3200_a-2rs1-2_1_01-1</Uid>
</InstancePath>
<Position>0 0 0</Position>
<Axis>-1 0 0</Axis>
</ConstraintGeometry>
</Concentric>
<Coincident name="Coïncidente4">
<ConstraintGeometry geomType="plane">
<InstancePath>
<Uid>MaxV2_STATOR-1</Uid>
<Uid>Max_EcrouSupportVisBilles-1</Uid>
</InstancePath>
<Position>0 0 0.0040000000000000036</Position>
<Axis>0 0 1</Axis>
</ConstraintGeometry>
<ConstraintGeometry geomType="plane">
<InstancePath>
<Uid>MaxV2_VIS-1</Uid>
<Uid>Max_VisBillesRotor-1</Uid>
<Uid>3200_a-2rs1-2_1-1</Uid>
<Uid>3200_a-2rs1-2_1_01-1</Uid>
</InstancePath>
<Position>-0.007000000000000034 0.014400000000000003 0</Position>
<Axis>-1 0 0</Axis>
</ConstraintGeometry>
</Coincident>
<Concentric name="Coaxiale5">
<ConstraintGeometry geomType="cylinder">
<InstancePath>
<Uid>MaxV2_VIS-1</Uid>
<Uid>Max_VisBillesRotor-1</Uid>
<Uid>Max_VisBilles12x4-1</Uid>
</InstancePath>
<Position>0 0 0.16699999999999995</Position>
<Axis>0 0 1</Axis>
</ConstraintGeometry>
<ConstraintGeometry geomType="cylinder">
<InstancePath>
<Uid>MaxV2_ECROU-1</Uid>
<Uid>Max_EcrouBilles-1</Uid>
</InstancePath>
<Position>0 0 0.034000999999999997</Position>
<Axis>0 0 -1</Axis>
</ConstraintGeometry>
</Concentric>
<Concentric name="Coaxiale6">
<ConstraintGeometry geomType="cylinder">
<InstancePath>
<Uid>MaxV2_BRAS-1</Uid>
<Uid>Max_AxeArticulation-3</Uid>
</InstancePath>
<Position>0 0 0.0029999999999999988</Position>
<Axis>0 0 1</Axis>
</ConstraintGeometry>
<ConstraintGeometry geomType="cylinder">
<InstancePath>
<Uid>MaxV2_ECROU-1</Uid>
<Uid>Bague_INA_12_14_7-1</Uid>
</InstancePath>
<Position>0 0 -1.0000000000001327e-06</Position>
<Axis>0 0 1</Axis>
</ConstraintGeometry>
</Concentric>
</Constraints>
</RootAssembly>
<Assemblies>
<Assembly name="MaxV2_BATI" uid="MaxV2_BATI" version="359">
<ModelUnits mass="kilogram" length="millimeter"/>
<AssemblyFile name="MaxV2_BATI.SLDASM" type="SolidWorks Assembly"/>
</Assembly>
<Assembly name="MaxV2_Chaise" uid="MaxV2_Chaise" version="237">
<ModelUnits mass="kilogram" length="millimeter"/>
<AssemblyFile name="MaxV2_Chaise.SLDASM" type="SolidWorks Assembly"/>
</Assembly>
<Assembly name="PMR411" uid="PMR411" version="116">
<ModelUnits mass="kilogram" length="millimeter"/>
<AssemblyFile name="PMR411.SLDASM" type="SolidWorks Assembly"/>
</Assembly>
<Assembly name="MaxV2_BRAS" uid="MaxV2_BRAS" version="369">
<ModelUnits mass="kilogram" length="millimeter"/>
<AssemblyFile name="MaxV2_BRAS.SLDASM" type="SolidWorks Assembly"/>
</Assembly>
<Assembly name="Max_EnsembleBras" uid="Max_EnsembleBras" version="221">
<ModelUnits mass="kilogram" length="millimeter"/>
<AssemblyFile name="Max_EnsembleBras.SLDASM" type="SolidWorks Assembly"/>
</Assembly>
<Assembly name="Max_EnsembleAxePoids" uid="Max_EnsembleAxePoids" version="147">
<ModelUnits mass="kilogram" length="millimeter"/>
<AssemblyFile name="Max_EnsembleAxePoids.SLDASM" type="SolidWorks Assembly"/>
</Assembly>
<Assembly name="MaxV2_STATOR" uid="MaxV2_STATOR" version="200">
<ModelUnits mass="kilogram" length="millimeter"/>
<AssemblyFile name="MaxV2_STATOR.SLDASM" type="SolidWorks Assembly"/>
</Assembly>
<Assembly name="Max_MoteurEquipé" uid="Max_MoteurEquipé" version="121">
<ModelUnits mass="kilogram" length="millimeter"/>
<AssemblyFile name="Max_MoteurEquipé.SLDASM" type="SolidWorks Assembly"/>
</Assembly>
<Assembly name="RE35_2822" uid="RE35_2822" version="124">
<ModelUnits mass="kilogram" length="millimeter"/>
<AssemblyFile name="RE35_2822.SLDASM" type="SolidWorks Assembly"/>
</Assembly>
<Assembly name="MaxV2_VIS" uid="MaxV2_VIS" version="202">
<ModelUnits mass="kilogram" length="millimeter"/>
<AssemblyFile name="MaxV2_VIS.SLDASM" type="SolidWorks Assembly"/>
</Assembly>
<Assembly name="Max_VisBillesRotor" uid="Max_VisBillesRotor" version="133">
<ModelUnits mass="kilogram" length="millimeter"/>
<AssemblyFile name="Max_VisBillesRotor.SLDASM" type="SolidWorks Assembly"/>
</Assembly>
<Assembly name="Oldham_235_19_20_22" uid="Oldham_235_19_20_22" version="131">
<ModelUnits mass="kilogram" length="millimeter"/>
<AssemblyFile name="Oldham_235_19_20_22.SLDASM" type="SolidWorks Assembly"/>
</Assembly>
<Assembly name="3200_a-2rs1-2_1" uid="3200_a-2rs1-2_1" version="146">
<ModelUnits mass="kilogram" length="millimeter"/>
<AssemblyFile name="3200_a-2rs1-2_1.SLDASM" type="SolidWorks Assembly"/>
</Assembly>
<Assembly name="MaxV2_ECROU" uid="MaxV2_ECROU" version="115">
<ModelUnits mass="kilogram" length="millimeter"/>
<AssemblyFile name="MaxV2_ECROU.SLDASM" type="SolidWorks Assembly"/>
</Assembly>
</Assemblies>
<Parts>
<Part name="3200_a-2rs1-2_1_01" uid="3200_a-2rs1-2_1_01*:*Default" version="326">
<ModelUnits mass="kilogram" length="millimeter"/>
<PartFile name="3200_a-2rs1-2_1_01.SLDPRT" type="SolidWorks Part"/>
<MassProperties>
<Mass>0.0033163069279797692</Mass>
<CenterOfMass>0 0 0</CenterOfMass>
<Inertia>6.1806076509981578e-07 3.6295180544851547e-07 3.6295180544851547e-07 0 0 0</Inertia>
</MassProperties>
<GeometryFile name="3200_a-2rs1-2_1_01_Default_sldprt.STEP" type="STEP"/>
<VisualProperties>
<Ambient r="0.75294117647058822" g="0.75294117647058822" b="0.75294117647058822" a="1"/>
<Diffuse r="0.75294117647058822" g="0.75294117647058822" b="0.75294117647058822" a="1"/>
<Specular r="0.22588235294117645" g="0.22588235294117645" b="0.22588235294117645" a="1"/>
<Emissive r="0" g="0" b="0" a="1"/>
<Shininess>0.3125</Shininess>
</VisualProperties>
</Part>
<Part name="3200_a-2rs1-2_1_02" uid="3200_a-2rs1-2_1_02*:*Default" version="318">
<ModelUnits mass="kilogram" length="millimeter"/>
<PartFile name="3200_a-2rs1-2_1_02.SLDPRT" type="SolidWorks Part"/>
<MassProperties>
<Mass>0.0016044837982867365</Mass>
<CenterOfMass>0 0 0</CenterOfMass>
<Inertia>7.0683313391295799e-08 6.4693745182619481e-08 6.4693745182619455e-08 0 0 0</Inertia>
</MassProperties>
<GeometryFile name="3200_a-2rs1-2_1_02_Default_sldprt.STEP" type="STEP"/>
<VisualProperties>
<Ambient r="0.75294117647058822" g="0.75294117647058822" b="0.75294117647058822" a="1"/>
<Diffuse r="0.75294117647058822" g="0.75294117647058822" b="0.75294117647058822" a="1"/>
<Specular r="0.22588235294117645" g="0.22588235294117645" b="0.22588235294117645" a="1"/>
<Emissive r="0" g="0" b="0" a="1"/>
<Shininess>0.3125</Shininess>
</VisualProperties>
</Part>
<Part name="3200_a-2rs1-2_1_03" uid="3200_a-2rs1-2_1_03*:*Default" version="310">
<ModelUnits mass="kilogram" length="millimeter"/>
<PartFile name="3200_a-2rs1-2_1_03.SLDPRT" type="SolidWorks Part"/>
<MassProperties>
<Mass>0.00032979195973040448</Mass>
<CenterOfMass>-0.0027513064809067248 -2.351227473989441e-15 0</CenterOfMass>
<Inertia>3.3940868950444338e-08 1.7451270963950128e-08 1.7451270963950131e-08 0 0 0</Inertia>
</MassProperties>
<GeometryFile name="3200_a-2rs1-2_1_03_Default_sldprt.STEP" type="STEP"/>
<VisualProperties>
<Ambient r="0.75294117647058822" g="0.75294117647058822" b="0.75294117647058822" a="1"/>
<Diffuse r="0.75294117647058822" g="0.75294117647058822" b="0.75294117647058822" a="1"/>
<Specular r="0.22588235294117645" g="0.22588235294117645" b="0.22588235294117645" a="1"/>
<Emissive r="0" g="0" b="0" a="1"/>
<Shininess>0.3125</Shininess>
</VisualProperties>
</Part>
<Part name="3200_a-2rs1-2_1_04" uid="3200_a-2rs1-2_1_04*:*Default" version="310">
<ModelUnits mass="kilogram" length="millimeter"/>
<PartFile name="3200_a-2rs1-2_1_04.SLDPRT" type="SolidWorks Part"/>
<MassProperties>
<Mass>0.00032979195973040448</Mass>
<CenterOfMass>0.0027513064809067257 -2.3509137504655473e-15 0</CenterOfMass>
<Inertia>3.3940868950444338e-08 1.7451270963950131e-08 1.7451270963950131e-08 0 0 0</Inertia>
</MassProperties>
<GeometryFile name="3200_a-2rs1-2_1_04_Default_sldprt.STEP" type="STEP"/>
<VisualProperties>
<Ambient r="0.75294117647058822" g="0.75294117647058822" b="0.75294117647058822" a="1"/>
<Diffuse r="0.75294117647058822" g="0.75294117647058822" b="0.75294117647058822" a="1"/>
<Specular r="0.22588235294117645" g="0.22588235294117645" b="0.22588235294117645" a="1"/>
<Emissive r="0" g="0" b="0" a="1"/>
<Shininess>0.3125</Shininess>
</VisualProperties>
</Part>
<Part name="3200_a-2rs1-2_1_05" uid="3200_a-2rs1-2_1_05*:*Default" version="312">
<ModelUnits mass="kilogram" length="millimeter"/>
<PartFile name="3200_a-2rs1-2_1_05.SLDPRT" type="SolidWorks Part"/>
<MassProperties>
<Mass>0.0001041589580910989</Mass>
<CenterOfMass>-0.0064259799677160896 0 0</CenterOfMass>
<Inertia>1.2658331547016744e-08 6.3309233026513878e-09 6.3309233026513911e-09 0 0 0</Inertia>
</MassProperties>
<GeometryFile name="3200_a-2rs1-2_1_05_Default_sldprt.STEP" type="STEP"/>
<VisualProperties>
<Ambient r="0.25098039215686274" g="0.25098039215686274" b="0.25098039215686274" a="1"/>
<Diffuse r="0.25098039215686274" g="0.25098039215686274" b="0.25098039215686274" a="1"/>
<Specular r="0.25098039215686274" g="0.25098039215686274" b="0.25098039215686274" a="1"/>
<Emissive r="0" g="0" b="0" a="1"/>
<Shininess>0.31</Shininess>
</VisualProperties>
</Part>
<Part name="3200_a-2rs1-2_1_06" uid="3200_a-2rs1-2_1_06*:*Default" version="312">
<ModelUnits mass="kilogram" length="millimeter"/>
<PartFile name="3200_a-2rs1-2_1_06.SLDPRT" type="SolidWorks Part"/>
<MassProperties>
<Mass>0.00010415895809109894</Mass>
<CenterOfMass>0.0064259799677160905 0 0</CenterOfMass>
<Inertia>1.2658331547016741e-08 6.3309233026513861e-09 6.3309233026513894e-09 0 0 0</Inertia>
</MassProperties>
<GeometryFile name="3200_a-2rs1-2_1_06_Default_sldprt.STEP" type="STEP"/>
<VisualProperties>
<Ambient r="0.25098039215686274" g="0.25098039215686274" b="0.25098039215686274" a="1"/>
<Diffuse r="0.25098039215686274" g="0.25098039215686274" b="0.25098039215686274" a="1"/>
<Specular r="0.25098039215686274" g="0.25098039215686274" b="0.25098039215686274" a="1"/>
<Emissive r="0" g="0" b="0" a="1"/>
<Shininess>0.31</Shininess>
</VisualProperties>
</Part>
<Part name="Bague_INA_12_14_7" uid="Bague_INA_12_14_7*:*Défaut" version="124">
<ModelUnits mass="kilogram" length="millimeter"/>
<PartFile name="Bague_INA_12_14_7.SLDPRT" type="SolidWorks Part"/>
<MassProperties>
<Mass>0.00042578858853302252</Mass>
<CenterOfMass>6.5289804419275105e-14 -6.5483608943436172e-05 0.0025155700603474679</CenterOfMass>
<Inertia>1.3490028373187751e-08 1.3720075414530368e-08 2.3201582623683032e-08 -2.8735701201528461e-11 0 0</Inertia>
</MassProperties>
<GeometryFile name="Bague_INA_12_14_7_Défaut_sldprt.STEP" type="STEP"/>
<VisualProperties>
<Ambient r="0.75294117647058822" g="0.75294117647058822" b="0.75294117647058822" a="1"/>
<Diffuse r="0.75294117647058822" g="0.75294117647058822" b="0.75294117647058822" a="1"/>
<Specular r="0.75294117647058822" g="0.75294117647058822" b="0.75294117647058822" a="1"/>
<Emissive r="0" g="0" b="0" a="1"/>
<Shininess>0.31</Shininess>
</VisualProperties>
</Part>
<Part name="Bague_INA_30_34_16" uid="Bague_INA_30_34_16*:*Défaut" version="172">
<ModelUnits mass="kilogram" length="millimeter"/>
<PartFile name="Bague_INA_30_34_16.SLDPRT" type="SolidWorks Part"/>
<MassProperties>
<Mass>0.0041174934168214288</Mass>
<CenterOfMass>-2.4510985228558386e-08 -5.9918237762436446e-05 0.0064672400193736147</CenterOfMass>
<Inertia>6.8159887556634064e-07 6.8607981556092399e-07 1.1616122954577822e-06 -6.2706173162863566e-10 -5.277083691124242e-13 1.9643567465141382e-12</Inertia>
</MassProperties>
<GeometryFile name="Bague_INA_30_34_16_Défaut_sldprt.STEP" type="STEP"/>
<VisualProperties>
<Ambient r="0.75294117647058822" g="0.75294117647058822" b="0.75294117647058822" a="1"/>
<Diffuse r="0.75294117647058822" g="0.75294117647058822" b="0.75294117647058822" a="1"/>
<Specular r="0.66258823529411759" g="0.66258823529411759" b="0.66258823529411759" a="1"/>
<Emissive r="0.15811764705882353" g="0.15811764705882353" b="0.15811764705882353" a="1"/>
<Shininess>0.20999999999999999</Shininess>
</VisualProperties>
</Part>
<Part name="Goupille_d4-8" uid="Goupille_d4-8*:*Défaut" version="108">
<ModelUnits mass="kilogram" length="millimeter"/>
<PartFile name="Goupille_d4-8.SLDPRT" type="SolidWorks Part"/>
<MassProperties>
<Mass>0.00076167913886284551</Mass>
<CenterOfMass>0 0 0.0039999999999999983</CenterOfMass>
<Inertia>4.5982804447200814e-09 4.5982804447200814e-09 1.4918598843826361e-09 0 0 0</Inertia>
</MassProperties>
<GeometryFile name="Goupille_d4-8_Défaut_sldprt.STEP" type="STEP"/>
<VisualProperties>
<Ambient r="0.6470588235294118" g="0.61960784313725492" b="0.58823529411764708" a="1"/>
<Diffuse r="0.6470588235294118" g="0.61960784313725492" b="0.58823529411764708" a="1"/>
<Specular r="0.45294116875704599" g="0.43372548280977735" b="0.4117646988700418" a="1"/>
<Emissive r="0.13588235294117648" g="0.13011764705882353" b="0.12352941176470589" a="1"/>
<Shininess>0.30000001192092896</Shininess>
</VisualProperties>
</Part>
<Part name="MaxV2_Bras" uid="MaxV2_Bras*:*Défaut" version="430">
<ModelUnits mass="kilogram" length="millimeter"/>
<PartFile name="MaxV2_Bras.SLDPRT" type="SolidWorks Part"/>
<MassProperties>
<Mass>0.41609795015273121</Mass>
<CenterOfMass>2.9477302586434778e-08 -3.2409500008416474e-05 -0.10061094620532877</CenterOfMass>
<Inertia>0.0026064603700389761 0.0027310640380943446 0.00024298287998764705 5.476604373623425e-07 1.5124233995370929e-10 6.1109110539513742e-11</Inertia>
</MassProperties>
<GeometryFile name="MaxV2_Bras_Défaut_sldprt.STEP" type="STEP"/>
<VisualProperties>
<Ambient r="0.25098039215686274" g="0.25098039215686274" b="0.25098039215686274" a="1"/>
<Diffuse r="0.25098039215686274" g="0.25098039215686274" b="0.25098039215686274" a="1"/>
<Specular r="0.12549019607843137" g="0.12549019607843137" b="0.12549019607843137" a="1"/>
<Emissive r="0.025098039215686277" g="0.025098039215686277" b="0.025098039215686277" a="1"/>
<Shininess>0.30000001192092896</Shininess>
</VisualProperties>
</Part>
<Part name="MaxV2_ChaiseBloc" uid="MaxV2_ChaiseBloc*:*Défaut" version="450">
<ModelUnits mass="kilogram" length="millimeter"/>
<PartFile name="MaxV2_ChaiseBloc.SLDPRT" type="SolidWorks Part"/>
<MassProperties>
<Mass>0.47660419311585894</Mass>
<CenterOfMass>0 0.016973224570945022 -0.042285417597797553</CenterOfMass>
<Inertia>0.00032873668076729436 0.00043429336245983963 0.00019771266476004151 3.0411427861285104e-08 0 0</Inertia>
</MassProperties>
<GeometryFile name="MaxV2_ChaiseBloc_Défaut_sldprt.STEP" type="STEP"/>
<VisualProperties>
<Ambient r="0.75294117647058822" g="0.75294117647058822" b="0.75294117647058822" a="1"/>
<Diffuse r="0.75294117647058822" g="0.75294117647058822" b="0.75294117647058822" a="1"/>
<Specular r="0.37647058823529411" g="0.37647058823529411" b="0.37647058823529411" a="1"/>
<Emissive r="0.075294117647058831" g="0.075294117647058831" b="0.075294117647058831" a="1"/>
<Shininess>0.30000001192092896</Shininess>
</VisualProperties>
</Part>
<Part name="MaxV2_ChaiseChapeBras" uid="MaxV2_ChaiseChapeBras*:*Défaut" version="241">
<ModelUnits mass="kilogram" length="millimeter"/>
<PartFile name="MaxV2_ChaiseChapeBras.SLDPRT" type="SolidWorks Part"/>
<MassProperties>
<Mass>0.19464386550496288</Mass>
<CenterOfMass>0 -0.026450811631547708 0.0079521238116794478</CenterOfMass>
<Inertia>0.00015006101827548163 6.6559130707070219e-05 0.00020836420557706909 1.8318169573085335e-09 0 -1.1053648879204822e-07</Inertia>
</MassProperties>
<GeometryFile name="MaxV2_ChaiseChapeBras_Défaut_sldprt.STEP" type="STEP"/>
<VisualProperties>
<Ambient r="0.75294117647058822" g="0.75294117647058822" b="0.75294117647058822" a="1"/>
<Diffuse r="0.75294117647058822" g="0.75294117647058822" b="0.75294117647058822" a="1"/>
<Specular r="0.37647058823529411" g="0.37647058823529411" b="0.37647058823529411" a="1"/>
<Emissive r="0.075294117647058831" g="0.075294117647058831" b="0.075294117647058831" a="1"/>
<Shininess>0.30000001192092896</Shininess>
</VisualProperties>
</Part>
<Part name="MaxV2_ChaiseChapeMoteur" uid="MaxV2_ChaiseChapeMoteur*:*Défaut" version="356">
<ModelUnits mass="kilogram" length="millimeter"/>
<PartFile name="MaxV2_ChaiseChapeMoteur.SLDPRT" type="SolidWorks Part"/>
<MassProperties>
<Mass>0.62778563754424477</Mass>
<CenterOfMass>0 0.062383323635805885 -4.4443197417417274e-05</CenterOfMass>
<Inertia>0.00098544787324640311 0.00030732766472945153 0.0011991052446516522 -1.2110256064739186e-06 0 0</Inertia>
</MassProperties>
<GeometryFile name="MaxV2_ChaiseChapeMoteur_Défaut_sldprt.STEP" type="STEP"/>
<VisualProperties>
<Ambient r="0.75294117647058822" g="0.75294117647058822" b="0.75294117647058822" a="1"/>
<Diffuse r="0.75294117647058822" g="0.75294117647058822" b="0.75294117647058822" a="1"/>
<Specular r="0.37647058823529411" g="0.37647058823529411" b="0.37647058823529411" a="1"/>
<Emissive r="0.075294117647058831" g="0.075294117647058831" b="0.075294117647058831" a="1"/>
<Shininess>0.30000001192092896</Shininess>
</VisualProperties>
</Part>
<Part name="Max_AxeArticulation" uid="Max_AxeArticulation*:*Défaut" version="115">
<ModelUnits mass="kilogram" length="millimeter"/>
<PartFile name="Max_AxeArticulation.SLDPRT" type="SolidWorks Part"/>
<MassProperties>
<Mass>0.0033889276252130388</Mass>
<CenterOfMass>0.00015486973483458481 0 0.0044343942524961884</CenterOfMass>
<Inertia>1.9045911985451887e-07 1.8460457211358017e-07 2.513161495692899e-07 0 1.5400942951692958e-09 0</Inertia>
</MassProperties>
<GeometryFile name="Max_AxeArticulation_Défaut_sldprt.STEP" type="STEP"/>
<VisualProperties>
<Ambient r="0.75294117647058822" g="0.75294117647058822" b="0.75294117647058822" a="1"/>
<Diffuse r="0.75294117647058822" g="0.75294117647058822" b="0.75294117647058822" a="1"/>
<Specular r="0.66258823529411759" g="0.66258823529411759" b="0.66258823529411759" a="1"/>
<Emissive r="0.15811764705882353" g="0.15811764705882353" b="0.15811764705882353" a="1"/>
<Shininess>0.20999999999999999</Shininess>
</VisualProperties>
</Part>
<Part name="Max_AxeBras" uid="Max_AxeBras*:*Défaut" version="113">
<ModelUnits mass="kilogram" length="millimeter"/>
<PartFile name="Max_AxeBras.SLDPRT" type="SolidWorks Part"/>
<MassProperties>
<Mass>0.065363933068377483</Mass>
<CenterOfMass>0 0.00023507979013866071 0.047173355646672889</CenterOfMass>
<Inertia>5.2314209957529479e-05 5.2517576748074618e-05 7.2482446256584494e-06 -5.0191320973620111e-09 0 1.6584495532564214e-08</Inertia>
</MassProperties>
<GeometryFile name="Max_AxeBras_Défaut_sldprt.STEP" type="STEP"/>
<VisualProperties>
<Ambient r="0.75294117647058822" g="0.75294117647058822" b="0.75294117647058822" a="1"/>
<Diffuse r="0.75294117647058822" g="0.75294117647058822" b="0.75294117647058822" a="1"/>
<Specular r="0.66258823529411759" g="0.66258823529411759" b="0.66258823529411759" a="1"/>
<Emissive r="0.15811764705882353" g="0.15811764705882353" b="0.15811764705882353" a="1"/>
<Shininess>0.20999999999999999</Shininess>
</VisualProperties>
</Part>
<Part name="Max_AxePoids" uid="Max_AxePoids*:*Défaut" version="187">
<ModelUnits mass="kilogram" length="millimeter"/>
<PartFile name="Max_AxePoids.SLDPRT" type="SolidWorks Part"/>
<MassProperties>
<Mass>0.0093311313668168853</Mass>
<CenterOfMass>-3.093621985861598e-06 0.051371858737304744 1.3619015973647894e-06</CenterOfMass>
<Inertia>9.2015844396772402e-06 1.5391423637492163e-07 9.2018719152374375e-06 -3.3059345480164662e-10 -1.6216966539074542e-09 2.3477718743472581e-10</Inertia>
</MassProperties>
<GeometryFile name="Max_AxePoids_Défaut_sldprt.STEP" type="STEP"/>
<VisualProperties>
<Ambient r="0.75294117647058822" g="0.75294117647058822" b="0.75294117647058822" a="1"/>
<Diffuse r="0.75294117647058822" g="0.75294117647058822" b="0.75294117647058822" a="1"/>
<Specular r="0.66258823529411759" g="0.66258823529411759" b="0.66258823529411759" a="1"/>
<Emissive r="0.15811764705882353" g="0.15811764705882353" b="0.15811764705882353" a="1"/>
<Shininess>0.20999999999999999</Shininess>
</VisualProperties>
</Part>
<Part name="Max_AxeRessort" uid="Max_AxeRessort*:*Défaut" version="124">
<ModelUnits mass="kilogram" length="millimeter"/>
<PartFile name="Max_AxeRessort.SLDPRT" type="SolidWorks Part"/>
<MassProperties>
<Mass>0.0040420647378943634</Mass>
<CenterOfMass>0 0.0091017144282054784 0</CenterOfMass>
<Inertia>2.4068933866749754e-07 2.5214157531470379e-07 2.4068933866749759e-07 0 0 0</Inertia>
</MassProperties>
<GeometryFile name="Max_AxeRessort_Défaut_sldprt.STEP" type="STEP"/>
<VisualProperties>
<Ambient r="0.75294117647058822" g="0.75294117647058822" b="0.75294117647058822" a="1"/>
<Diffuse r="0.75294117647058822" g="0.75294117647058822" b="0.75294117647058822" a="1"/>
<Specular r="0.66258823529411759" g="0.66258823529411759" b="0.66258823529411759" a="1"/>
<Emissive r="0.15811764705882353" g="0.15811764705882353" b="0.15811764705882353" a="1"/>
<Shininess>0.20999999999999999</Shininess>
</VisualProperties>
</Part>
<Part name="Max_BagueVisBilles" uid="Max_BagueVisBilles*:*Défaut" version="116">
<ModelUnits mass="kilogram" length="millimeter"/>
<PartFile name="Max_BagueVisBilles.SLDPRT" type="SolidWorks Part"/>
<MassProperties>
<Mass>0.0085072313203925533</Mass>
<CenterOfMass>0 0 0.0062887805764107567</CenterOfMass>
<Inertia>3.0075396645327626e-07 3.0075396645327616e-07 1.9598995160168808e-07 0 0 0</Inertia>
</MassProperties>
<GeometryFile name="Max_BagueVisBilles_Défaut_sldprt.STEP" type="STEP"/>
<VisualProperties>
<Ambient r="0.99607843137254903" g="0.87058823529411766" b="0.76078431372549016" a="1"/>
<Diffuse r="0.99607843137254903" g="0.87058823529411766" b="0.76078431372549016" a="1"/>
<Specular r="0.79686275697221942" g="0.69647059861351468" b="0.60862746004964785" a="1"/>
<Emissive r="0.099607843137254903" g="0.087058823529411772" b="0.076078431372549021" a="1"/>
<Shininess>0.10000000149011612</Shininess>
</VisualProperties>
</Part>
<Part name="Max_BrideMoteur" uid="Max_BrideMoteur*:*Défaut" version="125">
<ModelUnits mass="kilogram" length="millimeter"/>
<PartFile name="Max_BrideMoteur.SLDPRT" type="SolidWorks Part"/>
<MassProperties>
<Mass>0.018215032745329963</Mass>
<CenterOfMass>0 0 0.0021685819201365981</CenterOfMass>
<Inertia>2.6468890043509689e-06 2.6468890043509689e-06 5.2099766315024402e-06 0 0 0</Inertia>
</MassProperties>
<GeometryFile name="Max_BrideMoteur_Défaut_sldprt.STEP" type="STEP"/>
<VisualProperties>
<Ambient r="0.25098039215686274" g="0.25098039215686274" b="0.25098039215686274" a="1"/>
<Diffuse r="0.25098039215686274" g="0.25098039215686274" b="0.25098039215686274" a="1"/>
<Specular r="0.12549019607843137" g="0.12549019607843137" b="0.12549019607843137" a="1"/>
<Emissive r="0.025098039215686277" g="0.025098039215686277" b="0.025098039215686277" a="1"/>
<Shininess>0.30000001192092896</Shininess>
</VisualProperties>
</Part>
<Part name="Max_EcrouBilles" uid="Max_EcrouBilles*:*Défaut" version="187">
<ModelUnits mass="kilogram" length="millimeter"/>
<PartFile name="Max_EcrouBilles.SLDPRT" type="SolidWorks Part"/>
<MassProperties>
<Mass>0.01066102909910091</Mass>
<CenterOfMass>1.423688323700297e-07 1.5362183120968806e-06 0.014268756265177717</CenterOfMass>
<Inertia>1.2169556742658092e-06 1.2170415938959914e-06 1.0203474176290905e-06 -2.6737878176953812e-10 4.4501714328850033e-12 2.9095234324482976e-12</Inertia>
</MassProperties>
<GeometryFile name="Max_EcrouBilles_Défaut_sldprt.STEP" type="STEP"/>
<VisualProperties>
<Ambient r="0.50196078431372548" g="0.50196078431372548" b="0.50196078431372548" a="1"/>
<Diffuse r="0.50196078431372548" g="0.50196078431372548" b="0.50196078431372548" a="1"/>
<Specular r="0.50196078431372548" g="0.50196078431372548" b="0.50196078431372548" a="1"/>
<Emissive r="0" g="0" b="0" a="1"/>
<Shininess>0.31</Shininess>
</VisualProperties>
</Part>
<Part name="Max_EcrouSerragePoids" uid="Max_EcrouSerragePoids*:*Défaut" version="169">
<ModelUnits mass="kilogram" length="millimeter"/>
<PartFile name="Max_EcrouSerragePoids.SLDPRT" type="SolidWorks Part"/>
<MassProperties>
<Mass>0.0037318894430127913</Mass>
<CenterOfMass>0 0 0.0036283541124422715</CenterOfMass>
<Inertia>2.156325809448918e-07 2.1563300378221507e-07 3.9041135423597094e-07 0 0 -1.8828841052920028e-14</Inertia>
</MassProperties>
<GeometryFile name="Max_EcrouSerragePoids_Défaut_sldprt.STEP" type="STEP"/>
<VisualProperties>
<Ambient r="0.75294117647058822" g="0.75294117647058822" b="0.75294117647058822" a="1"/>
<Diffuse r="0.75294117647058822" g="0.75294117647058822" b="0.75294117647058822" a="1"/>
<Specular r="0.66258823529411759" g="0.66258823529411759" b="0.66258823529411759" a="1"/>
<Emissive r="0.15811764705882353" g="0.15811764705882353" b="0.15811764705882353" a="1"/>
<Shininess>0.20999999999999999</Shininess>
</VisualProperties>
</Part>
<Part name="Max_EcrouSupportVisBilles" uid="Max_EcrouSupportVisBilles*:*Défaut" version="126">
<ModelUnits mass="kilogram" length="millimeter"/>
<PartFile name="Max_EcrouSupportVisBilles.SLDPRT" type="SolidWorks Part"/>
<MassProperties>
<Mass>0.030013558845243621</Mass>
<CenterOfMass>0 0 0.0067522874200727778</CenterOfMass>
<Inertia>6.9653843197682316e-06 6.9653843197682324e-06 1.2692903515986901e-05 0 0 0</Inertia>
</MassProperties>
<GeometryFile name="Max_EcrouSupportVisBilles_Défaut_sldprt.STEP" type="STEP"/>
<VisualProperties>
<Ambient r="0.25098039215686274" g="0.25098039215686274" b="0.25098039215686274" a="1"/>
<Diffuse r="0.25098039215686274" g="0.25098039215686274" b="0.25098039215686274" a="1"/>
<Specular r="0.12549019607843137" g="0.12549019607843137" b="0.12549019607843137" a="1"/>
<Emissive r="0.025098039215686277" g="0.025098039215686277" b="0.025098039215686277" a="1"/>
<Shininess>0.30000001192092896</Shininess>
</VisualProperties>
</Part>
<Part name="Max_EquerreRepérage2012" uid="Max_EquerreRepérage2012*:*Défaut" version="400">
<ModelUnits mass="kilogram" length="millimeter"/>
<PartFile name="Max_EquerreRepérage2012.SLDPRT" type="SolidWorks Part"/>
<MassProperties>
<Mass>0.0061935401271485616</Mass>
<CenterOfMass>0.05749562749546476 0.010018874060505705 0.0024916872072251839</CenterOfMass>
<Inertia>2.6681632858930991e-07 5.5245162425037894e-06 5.6699834964279822e-06 -2.0410776687620654e-09 2.5458252702745583e-07 4.8509252226418334e-09</Inertia>
</MassProperties>
<GeometryFile name="Max_EquerreRepérage2012_Défaut_sldprt.STEP" type="STEP"/>
<VisualProperties>
<Ambient r="0.75294117647058822" g="0.75294117647058822" b="0.75294117647058822" a="1"/>
<Diffuse r="0.75294117647058822" g="0.75294117647058822" b="0.75294117647058822" a="1"/>
<Specular r="0.66258823529411759" g="0.66258823529411759" b="0.66258823529411759" a="1"/>
<Emissive r="0.15811764705882353" g="0.15811764705882353" b="0.15811764705882353" a="1"/>
<Shininess>0.20999999999999999</Shininess>
</VisualProperties>
</Part>
<Part name="Max_Poids" uid="Max_Poids*:*Défaut" version="121">
<ModelUnits mass="kilogram" length="millimeter"/>
<PartFile name="Max_Poids.SLDPRT" type="SolidWorks Part"/>
<MassProperties>
<Mass>0.66126958228690746</Mass>
<CenterOfMass>0.0021710243587764666 -1.5108645340624076e-10 0.006000000000000001</CenterOfMass>
<Inertia>0.00046552165607090289 0.00041098315578051004 0.00086067205847785281 0 0 -6.1543838386219094e-12</Inertia>
</MassProperties>
<GeometryFile name="Max_Poids_Défaut_sldprt.STEP" type="STEP"/>
<VisualProperties>
<Ambient r="0.6470588235294118" g="0.61960784313725492" b="0.58823529411764708" a="1"/>
<Diffuse r="0.6470588235294118" g="0.61960784313725492" b="0.58823529411764708" a="1"/>
<Specular r="0.45294116875704599" g="0.43372548280977735" b="0.4117646988700418" a="1"/>
<Emissive r="0.13588235294117648" g="0.13011764705882353" b="0.12352941176470589" a="1"/>
<Shininess>0.30000001192092896</Shininess>
</VisualProperties>
</Part>
<Part name="Max_RondelleD6.5" uid="Max_RondelleD6.5*:*Défaut" version="105">
<ModelUnits mass="kilogram" length="millimeter"/>
<PartFile name="Max_RondelleD6.5.SLDPRT" type="SolidWorks Part"/>
<MassProperties>
<Mass>0.0005813909904549612</Mass>
<CenterOfMass>0 0 0.0015</CenterOfMass>
<Inertia>1.2472653592104094e-08 1.2472653592104094e-08 2.4073220698525742e-08 0 0 0</Inertia>
</MassProperties>
<GeometryFile name="Max_RondelleD6.5_Défaut_sldprt.STEP" type="STEP"/>
<VisualProperties>
<Ambient r="0.75294117647058822" g="0.75294117647058822" b="0.75294117647058822" a="1"/>
<Diffuse r="0.75294117647058822" g="0.75294117647058822" b="0.75294117647058822" a="1"/>
<Specular r="0.66258823529411759" g="0.66258823529411759" b="0.66258823529411759" a="1"/>
<Emissive r="0.15811764705882353" g="0.15811764705882353" b="0.15811764705882353" a="1"/>
<Shininess>0.20999999999999999</Shininess>
</VisualProperties>
</Part>
<Part name="Max_RondellePotar" uid="Max_RondellePotar*:*Défaut" version="141">
<ModelUnits mass="kilogram" length="millimeter"/>
<PartFile name="Max_RondellePotar.SLDPRT" type="SolidWorks Part"/>
<MassProperties>
<Mass>0.045298152611588885</Mass>
<CenterOfMass>0 0 0.0019827866816114277</CenterOfMass>
<Inertia>8.3026599982065601e-06 9.0200255120273103e-06 1.720460941834511e-05 0 0 -6.2204248091596719e-08</Inertia>
</MassProperties>
<GeometryFile name="Max_RondellePotar_Défaut_sldprt.STEP" type="STEP"/>
<VisualProperties>
<Ambient r="0.6470588235294118" g="0.61960784313725492" b="0.58823529411764708" a="1"/>
<Diffuse r="0.6470588235294118" g="0.61960784313725492" b="0.58823529411764708" a="1"/>
<Specular r="0.45294116875704599" g="0.43372548280977735" b="0.4117646988700418" a="1"/>
<Emissive r="0.064705882352941183" g="0.061960784313725495" b="0.058823529411764712" a="1"/>
<Shininess>0.30000001192092896</Shininess>
</VisualProperties>
</Part>
<Part name="Max_RondelleVisBilles" uid="Max_RondelleVisBilles*:*Défaut" version="347">
<ModelUnits mass="kilogram" length="millimeter"/>
<PartFile name="Max_RondelleVisBilles.SLDPRT" type="SolidWorks Part"/>
<MassProperties>
<Mass>0.032402170979562307</Mass>
<CenterOfMass>-3.319620217700964e-12 7.0603642629646171e-12 0.0049617072180728177</CenterOfMass>
<Inertia>3.5624766500987657e-06 3.5624766529197353e-06 6.5985381617202281e-06 7.196485155834393e-16 0 -8.1179945999798978e-16</Inertia>
</MassProperties>
<GeometryFile name="Max_RondelleVisBilles_Défaut_sldprt.STEP" type="STEP"/>
<VisualProperties>
<Ambient r="0.8666666666666667" g="0.90980392156862744" b="1" a="1"/>
<Diffuse r="0.8666666666666667" g="0.90980392156862744" b="1" a="1"/>
<Specular r="0.43333333333333335" g="0.45490196078431372" b="0.5" a="1"/>
<Emissive r="0" g="0" b="0" a="1"/>
<Shininess>0.30000001192092896</Shininess>
</VisualProperties>
</Part>
<Part name="Max_SupportEcrou" uid="Max_SupportEcrou*:*Défaut" version="124">
<ModelUnits mass="kilogram" length="millimeter"/>
<PartFile name="Max_SupportEcrou.SLDPRT" type="SolidWorks Part"/>
<MassProperties>
<Mass>0.096252440387925228</Mass>
<CenterOfMass>-4.5502193470670391e-09 -2.6975110132764165e-10 0.017045761143866241</CenterOfMass>
<Inertia>2.8414039413393596e-05 2.414926069705933e-05 3.0317577774904568e-05 -4.6592419955924329e-13 3.0945458641036863e-12 3.8668410029165369e-12</Inertia>
</MassProperties>
<GeometryFile name="Max_SupportEcrou_Défaut_sldprt.STEP" type="STEP"/>
<VisualProperties>
<Ambient r="0.8666666666666667" g="0.90980392156862744" b="1" a="1"/>
<Diffuse r="0.8666666666666667" g="0.90980392156862744" b="1" a="1"/>
<Specular r="0.43333333333333335" g="0.45490196078431372" b="0.5" a="1"/>
<Emissive r="0" g="0" b="0" a="1"/>
<Shininess>0.30000001192092896</Shininess>
</VisualProperties>
</Part>
<Part name="Max_SupportVisBilles" uid="Max_SupportVisBilles*:*Défaut" version="162">
<ModelUnits mass="kilogram" length="millimeter"/>
<PartFile name="Max_SupportVisBilles.SLDPRT" type="SolidWorks Part"/>
<MassProperties>
<Mass>0.18260059335272533</Mass>
<CenterOfMass>-5.8285893581584346e-09 1.3991563548600098e-09 0.026465389353985274</CenterOfMass>
<Inertia>8.4522947034911566e-05 7.8670674967496056e-05 7.0273677692543314e-05 -6.7314830779600695e-12 1.9616590714180269e-11 1.1782485088721173e-10</Inertia>
</MassProperties>
<GeometryFile name="Max_SupportVisBilles_Défaut_sldprt.STEP" type="STEP"/>
<VisualProperties>
<Ambient r="0.25098039215686274" g="0.25098039215686274" b="0.25098039215686274" a="1"/>
<Diffuse r="0.25098039215686274" g="0.25098039215686274" b="0.25098039215686274" a="1"/>
<Specular r="0.12549019607843137" g="0.12549019607843137" b="0.12549019607843137" a="1"/>
<Emissive r="0.025098039215686277" g="0.025098039215686277" b="0.025098039215686277" a="1"/>
<Shininess>0.30000001192092896</Shininess>
</VisualProperties>
</Part>
<Part name="Max_VisBilles12x4" uid="Max_VisBilles12x4*:*Défaut" version="263">
<ModelUnits mass="kilogram" length="millimeter"/>
<PartFile name="Max_VisBilles12x4.SLDPRT" type="SolidWorks Part"/>
<MassProperties>
<Mass>0.016148169177425564</Mass>
<CenterOfMass>-2.7319226949303114e-07 3.5412428032355514e-06 0.091998377284044655</CenterOfMass>
<Inertia>4.3652436867013419e-05 4.3652477634160882e-05 2.3836819365143487e-07 3.0737071798897004e-09 2.5148792999098684e-09 -2.6095878155901769e-10</Inertia>
</MassProperties>
<GeometryFile name="Max_VisBilles12x4_Défaut_sldprt.STEP" type="STEP"/>
<VisualProperties>
<Ambient r="0.75294117647058822" g="0.75294117647058822" b="0.75294117647058822" a="1"/>
<Diffuse r="0.75294117647058822" g="0.75294117647058822" b="0.75294117647058822" a="1"/>
<Specular r="0.66258823529411759" g="0.66258823529411759" b="0.66258823529411759" a="1"/>
<Emissive r="0.15811764705882353" g="0.15811764705882353" b="0.15811764705882353" a="1"/>
<Shininess>0.20999999999999999</Shininess>
</VisualProperties>
</Part>
<Part name="Oldham_Disque" uid="Oldham_Disque*:*Défaut" version="175">
<ModelUnits mass="kilogram" length="millimeter"/>
<PartFile name="Oldham_Disque.SLDPRT" type="SolidWorks Part"/>
<MassProperties>
<Mass>0.0012012286416485619</Mass>
<CenterOfMass>0 0 0</CenterOfMass>
<Inertia>3.4196266422932143e-08 3.4196266422932149e-08 6.1789375308639426e-08 0 0 0</Inertia>
</MassProperties>
<GeometryFile name="Oldham_Disque_Défaut_sldprt.STEP" type="STEP"/>
<VisualProperties>
<Ambient r="0.29411764705882354" g="0.29411764705882354" b="0.29411764705882354" a="1"/>
<Diffuse r="0.29411764705882354" g="0.29411764705882354" b="0.29411764705882354" a="1"/>
<Specular r="0.29411764705882354" g="0.29411764705882354" b="0.29411764705882354" a="1"/>
<Emissive r="0" g="0" b="0" a="1"/>
<Shininess>0.40000000596046448</Shininess>
</VisualProperties>
</Part>
<Part name="Oldham_MoyeuD5" uid="Oldham_MoyeuD5*:*Défaut" version="602">
<ModelUnits mass="kilogram" length="millimeter"/>
<PartFile name="Oldham_MoyeuD5.SLDPRT" type="SolidWorks Part"/>
<MassProperties>
<Mass>0.002119042921953483</Mass>
<CenterOfMass>0.00032569961334019784 0.00027905946810461292 -0.0065796094241339469</CenterOfMass>
<Inertia>5.9069841935686934e-08 6.9404723238507054e-08 9.6044303061110618e-08 7.6668556251647299e-10 -5.9258531338422575e-10 1.7311923836166697e-09</Inertia>
</MassProperties>
<GeometryFile name="Oldham_MoyeuD5_Défaut_sldprt.STEP" type="STEP"/>
<VisualProperties>
<Ambient r="0.75294117647058822" g="0.75294117647058822" b="0" a="1"/>
<Diffuse r="0.75294117647058822" g="0.75294117647058822" b="0" a="1"/>
<Specular r="0.75294117647058822" g="0.75294117647058822" b="0" a="1"/>
<Emissive r="0" g="0" b="0" a="1"/>
<Shininess>0.31</Shininess>
</VisualProperties>
</Part>
<Part name="Oldham_MoyeuD6" uid="Oldham_MoyeuD6*:*Défaut" version="462">
<ModelUnits mass="kilogram" length="millimeter"/>
<PartFile name="Oldham_MoyeuD6.SLDPRT" type="SolidWorks Part"/>
<MassProperties>
<Mass>0.0020596268768442718</Mass>
<CenterOfMass>0.00033509538262327507 0.00028710976600952536 -0.0065516384905336938</CenterOfMass>
<Inertia>5.8549453237501797e-08 6.8882610302099684e-08 9.5595223841454579e-08 7.8322586616734476e-10 -5.7328056373455267e-10 1.7367484683407158e-09</Inertia>
</MassProperties>
<GeometryFile name="Oldham_MoyeuD6_Défaut_sldprt.STEP" type="STEP"/>
<VisualProperties>
<Ambient r="0.75294117647058822" g="0.75294117647058822" b="0" a="1"/>
<Diffuse r="0.75294117647058822" g="0.75294117647058822" b="0" a="1"/>
<Specular r="0.75294117647058822" g="0.75294117647058822" b="0" a="1"/>
<Emissive r="0" g="0" b="0" a="1"/>
<Shininess>0.31</Shininess>
</VisualProperties>
</Part>
<Part name="PMR411_Corps" uid="PMR411_Corps*:*Défaut" version="148">
<ModelUnits mass="kilogram" length="millimeter"/>
<PartFile name="PMR411_Corps.SLDPRT" type="SolidWorks Part"/>
<MassProperties>
<Mass>0.013616204939908233</Mass>
<CenterOfMass>-0.0029594983019062648 1.0971183722352448e-05 0.0085377137198029175</CenterOfMass>
<Inertia>1.3179143556621401e-06 1.2494096481838806e-06 1.8733892878156387e-06 -6.292561180400265e-10 -4.7206564420234301e-08 9.5587333025698876e-10</Inertia>
</MassProperties>
<GeometryFile name="PMR411_Corps_Défaut_sldprt.STEP" type="STEP"/>
<VisualProperties>
<Ambient r="0.25098039215686274" g="0.25098039215686274" b="0.25098039215686274" a="1"/>
<Diffuse r="0.25098039215686274" g="0.25098039215686274" b="0.25098039215686274" a="1"/>
<Specular r="0.25098039215686274" g="0.25098039215686274" b="0.25098039215686274" a="1"/>
<Emissive r="0" g="0" b="0" a="1"/>
<Shininess>0.20000000000000001</Shininess>
</VisualProperties>
</Part>
<Part name="PMR411_Languette" uid="PMR411_Languette*:*Défaut" version="114">
<ModelUnits mass="kilogram" length="millimeter"/>
<PartFile name="PMR411_Languette.SLDPRT" type="SolidWorks Part"/>
<MassProperties>
<Mass>0.00017413844347721147</Mass>
<CenterOfMass>0.0016000000000000005 0.0022502867388064789 -0.0050971976502822971</CenterOfMass>
<Inertia>1.0659045631900377e-08 1.0420645928802676e-08 2.3827556955419577e-09 3.0014906929175724e-09 0 0</Inertia>
</MassProperties>
<GeometryFile name="PMR411_Languette_Défaut_sldprt.STEP" type="STEP"/>
<VisualProperties>
<Ambient r="0.75294117647058822" g="0.75294117647058822" b="0" a="1"/>
<Diffuse r="0.75294117647058822" g="0.75294117647058822" b="0" a="1"/>
<Specular r="0.75294117647058822" g="0.75294117647058822" b="0" a="1"/>
<Emissive r="0" g="0" b="0" a="1"/>
<Shininess>0.31</Shininess>
</VisualProperties>
</Part>
<Part name="PMR411_Rivet" uid="PMR411_Rivet*:*Défaut" version="105">
<ModelUnits mass="kilogram" length="millimeter"/>
<PartFile name="PMR411_Rivet.SLDPRT" type="SolidWorks Part"/>
<MassProperties>
<Mass>4.7878359728827284e-05</Mass>
<CenterOfMass>0 0.0070006876096819033 0</CenterOfMass>
<Inertia>6.4791689106252277e-10 1.4223976318773551e-10 6.4791689106252277e-10 0 0 0</Inertia>
</MassProperties>
<GeometryFile name="PMR411_Rivet_Défaut_sldprt.STEP" type="STEP"/>
<VisualProperties>
<Ambient r="0.75294117647058822" g="0.75294117647058822" b="0.75294117647058822" a="1"/>
<Diffuse r="0.75294117647058822" g="0.75294117647058822" b="0.75294117647058822" a="1"/>
<Specular r="0.66258823529411759" g="0.66258823529411759" b="0.66258823529411759" a="1"/>
<Emissive r="0.15811764705882353" g="0.15811764705882353" b="0.15811764705882353" a="1"/>
<Shininess>0.20999999999999999</Shininess>
</VisualProperties>
</Part>
<Part name="PMR411_RondelleFriction" uid="PMR411_RondelleFriction*:*Défaut" version="108">
<ModelUnits mass="kilogram" length="millimeter"/>
<PartFile name="PMR411_RondelleFriction.SLDPRT" type="SolidWorks Part"/>
<MassProperties>
<Mass>9.6996673179584807e-05</Mass>
<CenterOfMass>0 0 0.00025000000000000001</CenterOfMass>
<Inertia>1.6085281635614473e-09 1.6085281635614475e-09 3.2130147990737456e-09 0 0 0</Inertia>
</MassProperties>
<GeometryFile name="PMR411_RondelleFriction_Défaut_sldprt.STEP" type="STEP"/>
<VisualProperties>
<Ambient r="0.50196078431372548" g="0.50196078431372548" b="0.50196078431372548" a="1"/>
<Diffuse r="0.50196078431372548" g="0.50196078431372548" b="0.50196078431372548" a="1"/>
<Specular r="0.50196078431372548" g="0.50196078431372548" b="0.50196078431372548" a="1"/>
<Emissive r="0" g="0" b="0" a="1"/>
<Shininess>0.31</Shininess>
</VisualProperties>
</Part>
<Part name="RE35_273752" uid="RE35_273752*:*Défaut" version="524">
<ModelUnits mass="kilogram" length="millimeter"/>
<PartFile name="RE35_273752.SLDPRT" type="SolidWorks Part"/>
<MassProperties>
<Mass>0.068740533358668227</Mass>
<CenterOfMass>0.035211313526703231 -3.9079268278424119e-06 -4.3213320566400932e-07</CenterOfMass>
<Inertia>1.0305397270518217e-05 3.5128553334864893e-05 3.5123370470085276e-05 -3.1691107485773638e-09 3.7181348405088372e-09 4.5352498039128306e-09</Inertia>
</MassProperties>
<GeometryFile name="RE35_273752_Défaut_sldprt.STEP" type="STEP"/>
<VisualProperties>
<Ambient r="0.792156862745098" g="0.81960784313725488" b="0.93333333333333335" a="1"/>
<Diffuse r="0.792156862745098" g="0.81960784313725488" b="0.93333333333333335" a="1"/>
<Specular r="0.396078431372549" g="0.40980392156862744" b="0.46666666666666667" a="1"/>
<Emissive r="0" g="0" b="0" a="1"/>
<Shininess>0.40000000596046448</Shininess>
</VisualProperties>
</Part>
<Part name="Tachy_2822" uid="Tachy_2822*:*Défaut" version="1099">
<ModelUnits mass="kilogram" length="millimeter"/>
<PartFile name="Tachy_2822.SLDPRT" type="SolidWorks Part"/>
<MassProperties>
<Mass>0.0069201093117687504</Mass>
<CenterOfMass>0.0086240465458078501 8.9105838706680142e-08 1.5843470330895255e-06</CenterOfMass>
<Inertia>4.6496255353870988e-07 4.2319649238890926e-07 4.1467208184265879e-07 3.5128873254837673e-09 6.6219406394108663e-11 5.7801434252469757e-11</Inertia>
</MassProperties>
<GeometryFile name="Tachy_2822_Défaut_sldprt.STEP" type="STEP"/>
<VisualProperties>
<Ambient r="0.25098039215686274" g="0.25098039215686274" b="0.25098039215686274" a="1"/>
<Diffuse r="0.25098039215686274" g="0.25098039215686274" b="0.25098039215686274" a="1"/>
<Specular r="0.25098039215686274" g="0.25098039215686274" b="0.25098039215686274" a="1"/>
<Emissive r="0" g="0" b="0" a="1"/>
<Shininess>0.31</Shininess>
</VisualProperties>
</Part>
<Part name="plain washer small grade a_iso" uid="plain washer small grade a_iso*:*Washer ISO 7092 - 4" version="859">
<ModelUnits mass="kilogram" length="millimeter"/>
<PartFile name="plain washer small grade a_iso.sldprt" type="SolidWorks Part"/>
<MassProperties>
<Mass>1.78717352081089e-05</Mass>
<CenterOfMass>-0.00024999999999976435 0 0</CenterOfMass>
<Inertia>1.8427992966461472e-10 9.2512292648991553e-11 9.2512292648991592e-11 0 0 0</Inertia>
</MassProperties>
<GeometryFile name="plain washer small grade a_iso_Washer ISO 7092 - 4_sldprt.STEP" type="STEP"/>
<VisualProperties>
<Ambient r="0.77647058823529413" g="0.75686274509803919" b="0.73725490196078436" a="1"/>
<Diffuse r="0.77647058823529413" g="0.75686274509803919" b="0.73725490196078436" a="1"/>
<Specular r="0.38823529411764707" g="0.3784313725490196" b="0.36862745098039218" a="1"/>
<Emissive r="0" g="0" b="0" a="1"/>
<Shininess>0.3125</Shininess>
</VisualProperties>
</Part>
<Part name="slotted cheese head screw_iso" uid="slotted cheese head screw_iso*:*ISO 1207 - M2.5 x 10 --- 10N" version="1009">
<ModelUnits mass="kilogram" length="millimeter"/>
<PartFile name="slotted cheese head screw_iso.sldprt" type="SolidWorks Part"/>
<MassProperties>
<Mass>7.39600784531146e-05</Mass>
<CenterOfMass>0.0048371025360561277 1.7938080265701464e-13 -2.4000022657665132e-12</CenterOfMass>
<Inertia>9.8559701793044945e-11 1.0259195694862043e-09 1.0285111099257611e-09 0 0 0</Inertia>
</MassProperties>
<GeometryFile name="slotted cheese head screw_iso_ISO 1207 - M2.5 x 10 --- 10N_sldprt.STEP" type="STEP"/>
<VisualProperties>
<Ambient r="0.77647058823529413" g="0.75686274509803919" b="0.73725490196078436" a="1"/>
<Diffuse r="0.77647058823529413" g="0.75686274509803919" b="0.73725490196078436" a="1"/>
<Specular r="0.38823529411764707" g="0.3784313725490196" b="0.36862745098039218" a="1"/>
<Emissive r="0" g="0" b="0" a="1"/>
<Shininess>0.3125</Shininess>
</VisualProperties>
</Part>
<Part name="socket button head screw_iso" uid="socket button head screw_iso*:*ISO 7380 - M3 x 10 --- 10N" version="1152">
<ModelUnits mass="kilogram" length="millimeter"/>
<PartFile name="socket button head screw_iso.sldprt" type="SolidWorks Part"/>
<MassProperties>
<Mass>9.7175233462313748e-05</Mass>
<CenterOfMass>0.0050811372487513332 0 0</CenterOfMass>
<Inertia>1.7927368325104816e-10 1.2826682860304669e-09 1.2826682860304669e-09 0 0 0</Inertia>
</MassProperties>
<GeometryFile name="socket button head screw_iso_ISO 7380 - M3 x 10 --- 10N_sldprt.STEP" type="STEP"/>
<VisualProperties>
<Ambient r="0.77647058823529413" g="0.75686274509803919" b="0.73725490196078436" a="1"/>
<Diffuse r="0.77647058823529413" g="0.75686274509803919" b="0.73725490196078436" a="1"/>
<Specular r="0.38823529411764707" g="0.3784313725490196" b="0.36862745098039218" a="1"/>
<Emissive r="0" g="0" b="0" a="1"/>
<Shininess>0.3125</Shininess>
</VisualProperties>
</Part>
<Part name="socket countersunk head screw_iso" uid="socket countersunk head screw_iso*:*ISO 10642 - M4 x 8 --- 8N" version="1170">
<ModelUnits mass="kilogram" length="millimeter"/>
<PartFile name="socket countersunk head screw_iso.sldprt" type="SolidWorks Part"/>
<MassProperties>
<Mass>0.00013853584587304033</Mass>
<CenterOfMass>0.0030850244317484157 0 0</CenterOfMass>
<Inertia>5.8132177718469315e-10 1.1010262604109048e-09 1.1010262604109048e-09 0 0 0</Inertia>
</MassProperties>
<GeometryFile name="socket countersunk head screw_iso_ISO 10642 - M4 x 8 --- 8N_sldprt.STEP" type="STEP"/>
<VisualProperties>
<Ambient r="0.77647058823529413" g="0.75686274509803919" b="0.73725490196078436" a="1"/>
<Diffuse r="0.77647058823529413" g="0.75686274509803919" b="0.73725490196078436" a="1"/>
<Specular r="0.38823529411764707" g="0.3784313725490196" b="0.36862745098039218" a="1"/>
<Emissive r="0" g="0" b="0" a="1"/>
<Shininess>0.3125</Shininess>
</VisualProperties>
</Part>
<Part name="socket countersunk head screw_iso" uid="socket countersunk head screw_iso*:*ISO 10642 - M6 x 20 --- 20N" version="1151">
<ModelUnits mass="kilogram" length="millimeter"/>
<PartFile name="socket countersunk head screw_iso.sldprt" type="SolidWorks Part"/>
<MassProperties>
<Mass>0.00069095342196798671</Mass>
<CenterOfMass>0.0083365758259344291 0 0</CenterOfMass>
<Inertia>5.4457554880504523e-09 2.93260914200053e-08 2.93260914200053e-08 0 0 0</Inertia>
</MassProperties>
<GeometryFile name="socket countersunk head screw_iso_ISO 10642 - M6 x 20 --- 20N_sldprt.STEP" type="STEP"/>
<VisualProperties>
<Ambient r="0.77647058823529413" g="0.75686274509803919" b="0.73725490196078436" a="1"/>
<Diffuse r="0.77647058823529413" g="0.75686274509803919" b="0.73725490196078436" a="1"/>
<Specular r="0.38823529411764707" g="0.3784313725490196" b="0.36862745098039218" a="1"/>
<Emissive r="0" g="0" b="0" a="1"/>
<Shininess>0.3125</Shininess>
</VisualProperties>
</Part>
<Part name="socket head cap screw_iso" uid="socket head cap screw_iso*:*ISO 4762 M4 x 10 --- 10N" version="1149">
<ModelUnits mass="kilogram" length="millimeter"/>
<PartFile name="socket head cap screw_iso.sldprt" type="SolidWorks Part"/>
<MassProperties>
<Mass>0.00026010820887896382</Mass>
<CenterOfMass>0.005404280117733494 0 0</CenterOfMass>
<Inertia>1.1663415058278729e-09 4.830652204240665e-09 4.830652204240665e-09 0 0 0</Inertia>
</MassProperties>
<GeometryFile name="socket head cap screw_iso_ISO 4762 M4 x 10 --- 10N_sldprt.STEP" type="STEP"/>
<VisualProperties>
<Ambient r="0.77647058823529413" g="0.75686274509803919" b="0.73725490196078436" a="1"/>
<Diffuse r="0.77647058823529413" g="0.75686274509803919" b="0.73725490196078436" a="1"/>
<Specular r="0.38823529411764707" g="0.3784313725490196" b="0.36862745098039218" a="1"/>
<Emissive r="0" g="0" b="0" a="1"/>
<Shininess>0.3125</Shininess>
</VisualProperties>
</Part>
<Part name="socket head cap screw_iso" uid="socket head cap screw_iso*:*ISO 4762 M4 x 20 --- 20N" version="1251">
<ModelUnits mass="kilogram" length="millimeter"/>
<PartFile name="socket head cap screw_iso.sldprt" type="SolidWorks Part"/>
<MassProperties>
<Mass>0.00038577191502255098</Mass>
<CenterOfMass>0.0098098704268660512 0 0</CenterOfMass>
<Inertia>1.4176689181150399e-09 2.1503504392095435e-08 2.1503504392095435e-08 0 0 0</Inertia>
</MassProperties>
<GeometryFile name="socket head cap screw_iso_ISO 4762 M4 x 20 --- 20N_sldprt.STEP" type="STEP"/>
<VisualProperties>
<Ambient r="0.77647058823529413" g="0.75686274509803919" b="0.73725490196078436" a="1"/>
<Diffuse r="0.77647058823529413" g="0.75686274509803919" b="0.73725490196078436" a="1"/>
<Specular r="0.38823529411764707" g="0.3784313725490196" b="0.36862745098039218" a="1"/>
<Emissive r="0" g="0" b="0" a="1"/>
<Shininess>0.3125</Shininess>
</VisualProperties>
</Part>
<Part name="socket head cap screw_iso" uid="socket head cap screw_iso*:*ISO 4762 M4 x 8 --- 8N" version="1231">
<ModelUnits mass="kilogram" length="millimeter"/>
<PartFile name="socket head cap screw_iso.sldprt" type="SolidWorks Part"/>
<MassProperties>
<Mass>0.00023497546765024528</Mass>
<CenterOfMass>0.0045994550158170644 0 0</CenterOfMass>
<Inertia>1.1160760233704361e-09 3.2215815638381841e-09 3.2215815638381841e-09 0 0 0</Inertia>
</MassProperties>
<GeometryFile name="socket head cap screw_iso_ISO 4762 M4 x 8 --- 8N_sldprt.STEP" type="STEP"/>
<VisualProperties>
<Ambient r="0.77647058823529413" g="0.75686274509803919" b="0.73725490196078436" a="1"/>
<Diffuse r="0.77647058823529413" g="0.75686274509803919" b="0.73725490196078436" a="1"/>
<Specular r="0.38823529411764707" g="0.3784313725490196" b="0.36862745098039218" a="1"/>
<Emissive r="0" g="0" b="0" a="1"/>
<Shininess>0.3125</Shininess>
</VisualProperties>
</Part>
<Part name="socket head cap screw_iso" uid="socket head cap screw_iso*:*ISO 4762 M5 x 16 --- 16N" version="1213">
<ModelUnits mass="kilogram" length="millimeter"/>
<PartFile name="socket head cap screw_iso.sldprt" type="SolidWorks Part"/>
<MassProperties>
<Mass>0.00055494596096283399</Mass>
<CenterOfMass>0.0084765492487310218 0 0</CenterOfMass>
<Inertia>3.4405777772907731e-09 2.3257536146613224e-08 2.3257536146613224e-08 0 0 0</Inertia>
</MassProperties>
<GeometryFile name="socket head cap screw_iso_ISO 4762 M5 x 16 --- 16N_sldprt.STEP" type="STEP"/>
<VisualProperties>
<Ambient r="0.77647058823529413" g="0.75686274509803919" b="0.73725490196078436" a="1"/>
<Diffuse r="0.77647058823529413" g="0.75686274509803919" b="0.73725490196078436" a="1"/>
<Specular r="0.38823529411764707" g="0.3784313725490196" b="0.36862745098039218" a="1"/>
<Emissive r="0" g="0" b="0" a="1"/>
<Shininess>0.3125</Shininess>
</VisualProperties>
</Part>
<Part name="socket head cap screw_iso" uid="socket head cap screw_iso*:*ISO 4762 M5 x 30 --- 22N" version="1191">
<ModelUnits mass="kilogram" length="millimeter"/>
<PartFile name="socket head cap screw_iso.sldprt" type="SolidWorks Part"/>
<MassProperties>
<Mass>0.00082983531815194632</Mass>
<CenterOfMass>0.01491916099032479 0 0</CenterOfMass>
<Inertia>4.2996070185067634e-09 9.7717379966608018e-08 9.7717379966608018e-08 0 0 0</Inertia>
</MassProperties>
<GeometryFile name="socket head cap screw_iso_ISO 4762 M5 x 30 --- 22N_sldprt.STEP" type="STEP"/>
<VisualProperties>
<Ambient r="0.77647058823529413" g="0.75686274509803919" b="0.73725490196078436" a="1"/>
<Diffuse r="0.77647058823529413" g="0.75686274509803919" b="0.73725490196078436" a="1"/>
<Specular r="0.38823529411764707" g="0.3784313725490196" b="0.36862745098039218" a="1"/>
<Emissive r="0" g="0" b="0" a="1"/>
<Shininess>0.3125</Shininess>
</VisualProperties>
</Part>
<Part name="socket set screw flat point_iso" uid="socket set screw flat point_iso*:*ISO 4026 - M6 x 8-C" version="997">
<ModelUnits mass="kilogram" length="millimeter"/>
<PartFile name="socket set screw flat point_iso.sldprt" type="SolidWorks Part"/>
<MassProperties>
<Mass>0.00018896730197818029</Mass>
<CenterOfMass>0.0041950532524054054 0 0</CenterOfMass>
<Inertia>9.1030720724159834e-10 1.3521296158979343e-09 1.3521296158979343e-09 0 0 0</Inertia>
</MassProperties>
<GeometryFile name="socket set screw flat point_iso_ISO 4026 - M6 x 8-C_sldprt.STEP" type="STEP"/>
<VisualProperties>
<Ambient r="0.77647058823529413" g="0.75686274509803919" b="0.73725490196078436" a="1"/>
<Diffuse r="0.77647058823529413" g="0.75686274509803919" b="0.73725490196078436" a="1"/>
<Specular r="0.38823529411764707" g="0.3784313725490196" b="0.36862745098039218" a="1"/>
<Emissive r="0" g="0" b="0" a="1"/>
<Shininess>0.3125</Shininess>
</VisualProperties>
</Part>
<Part name="torque nut 08_iso" uid="torque nut 08_iso*:*ISO 10511-M6-N" version="1128">
<ModelUnits mass="kilogram" length="millimeter"/>
<PartFile name="torque nut 08_iso.sldprt" type="SolidWorks Part"/>
<MassProperties>
<Mass>0.00034496982504164816</Mass>
<CenterOfMass>0 1.5330290520107104e-09 -0.00018829281159573799</CenterOfMass>
<Inertia>3.7617118215706535e-09 3.7616964960255321e-09 5.7309773901883951e-09 7.9580317880926214e-16 0 0</Inertia>
</MassProperties>
<GeometryFile name="torque nut 08_iso_ISO 10511-M6-N_sldprt.STEP" type="STEP"/>
<VisualProperties>
<Ambient r="0.77647058823529413" g="0.75686274509803919" b="0.73725490196078436" a="1"/>
<Diffuse r="0.77647058823529413" g="0.75686274509803919" b="0.73725490196078436" a="1"/>
<Specular r="0.38823529411764707" g="0.3784313725490196" b="0.36862745098039218" a="1"/>
<Emissive r="0" g="0" b="0" a="1"/>
<Shininess>0.3125</Shininess>
</VisualProperties>
</Part>
</Parts>
</SimscapeMultibodyImportXML>
